link,title,newspaper,category
https://abcnews.go.com/Sports/baylor-bears-rebuilding-effort-progresses-final-1950/story?id=76763800,Baylor Bears' rebuilding effort progresses into first Final Four since 1950,abc,sports
https://abcnews.go.com/Sports/timberwolves-karl-anthony-towns-reflects-emotional-night-father/story?id=76762686,Timberwolves' Karl-Anthony Towns reflects on 'emotional' night as father attends first game since Jackie Cruz-Towns' death,abc,sports
https://abcnews.go.com/Sports/dustin-david-price-grabs-starter-role-los-angeles/story?id=76762384,"Dustin May, not David Price, grabs fifth starter role as Los Angeles Dodgers prepare to defend title",abc,sports
https://abcnews.go.com/Sports/baylor-calls-foul-call-end-elite-loss-uconn/story?id=76762078,Baylor calls foul on non-call at end of Elite Eight loss to UConn,abc,sports
https://abcnews.go.com/Sports/kim-mulkey-baylor-lady-bears-ncaa-covid-19/story?id=76761673,"Kim Mulkey of Baylor Lady Bears says NCAA should do away with COVID-19 testing for Final Four,Rafael Stone: Stockpile of picks",abc,sports
https://abcnews.go.com/Sports/rafael-stone-stockpile-picks-young-core-houston-rockets/story?id=76759561,young core will keep Houston Rockets from having to go 'wholesale tank' mode,abc,sports
https://abcnews.go.com/Sports/andre-drummond-hunger-excitement-make-debut-los-angeles/story?id=76758414,"Andre Drummond has 'hunger and excitement' to make his debut with Los Angeles Lakers at long last,",abc,sports
https://abcnews.go.com/Sports/los-angeles-lakers-jeanie-buss-watching-brooklyn-nets/story?id=76758345,Los Angeles Lakers' Jeanie Buss after watching Brooklyn Nets' moves: 'Bring it on',abc,sports
https://abcnews.go.com/Sports/mlb-draft-pick-mark-appel-heads-minor-league/story?id=76758307,Former No. 1 MLB draft pick Mark Appel heads to minor league camp with Philadelphia Phillies in pursuit of a comeback,abc,sports
https://abcnews.go.com/Sports/niners-left-altar-staying-12-jimmy-garoppolo-best/story?id=76757597,"Niners didn't want to get 'left at altar' by staying at No. 12, believe Jimmy Garoppolo gives them best chance now",abc,sports
https://abcnews.go.com/Sports/texas-rangers-moving-rougned-odor-jose-leclerc-tommy/story?id=76757209,Texas Rangers moving on from Rougned Odor; Jose Leclerc to have Tommy John surgery,abc,sports
https://abcnews.go.com/Sports/sources-milwaukee-bucks-picking-reserve-guard-jeff-teague/story?id=76756575,Sources: Milwaukee Bucks picking up reserve guard Jeff Teague,abc,sports
https://abcnews.go.com/Sports/nba-sets-july-29-draft-determining-schedule-accompanying/story?id=76756077,"NBA sets July 29 for its draft, while also determining schedule for accompanying combine, lottery",abc,sports
https://abcnews.go.com/Sports/mlb-protocols-include-relaxed-covid-19-restrictions-vaccinated/story?id=76752159,"New MLB protocols include relaxed COVID-19 restrictions for vaccinated players, staff",abc,sports
https://abcnews.go.com/Sports/anthony-rizzo-ending-contract-talks-chicago-cubs-focus/story?id=76751997,Anthony Rizzo ending contract talks with Chicago Cubs to focus on season,abc,sports
"https://abcnews.go.com/Sports/south-carolinas-dawn-staley-texas-vic-schaefer-renew/story?id=76751866,",South Carolina's Dawn Staley and Texas' Vic Schaefer to renew old rivalry in NCAA women's hoops tourney,abc,sports
"https://abcnews.go.com/Sports/blake-griffin-joining-brooklyn-nets-changed-public-perceives/story?id=76751865,",Blake Griffin says joining Brooklyn Nets has changed how the public perceives him,abc,sports
https://abcnews.go.com/Sports/qb-trevor-lawrence-direction-jacksonville-jaguars-headed-pick/story?id=76751447,"QB Trevor Lawrence 'the direction' Jacksonville Jaguars are headed with No. 1 pick in NFL draft, says Urban Meyer",abc,sports
https://abcnews.go.com/Sports/qb-trevor-lawrence-direction-jacksonville-jaguars-headed-pick/story?id=76751318,"QB Trevor Lawrence 'the direction' Jacksonville Jaguars are headed with No. 1 pick, says Urban Meyer",abc,sports
https://abcnews.go.com/Sports/york-mets-pete-alonso-issue-nft-aid-minor/story?id=76750048,New York Mets' Pete Alonso to issue NFT to aid minor leaguers,abc,sports
"https://abcnews.go.com/Sports/lawsuit-accuses-deshaun-watson-deleting-instagram-messages-contacting/story?id=76750047,","Lawsuit accuses Deshaun Watson of deleting Instagram messages, contacting women in attempt to settle cases",abc,sports
https://abcnews.go.com/Sports/lawsuit-accuses-deshaun-watson-deleting-instagram-messages-contacting/story?id=76749828,"Lawsuit accuses Deshaun Watson of deleting Instagram messages, contacting accusers in attempt to settle cases",abc,sports
https://abcnews.go.com/Sports/nbas-basketball-africa-league-debut-16-rwanda/story?id=76749169,NBA's Basketball Africa League to debut May 16 in Rwanda,abc,sports
https://abcnews.go.com/Sports/sources-dustin-poirier-conor-mcgregor-iii-finalized-ufc/story?id=76748465,Sources: Dustin Poirier-Conor McGregor III to be finalized soon for UFC 264 in July,abc,sports
https://abcnews.go.com/Sports/st-louis-cardinals-3b-nolan-arenado-ive-moved/story?id=76747638,St. Louis Cardinals 3B Nolan Arenado says 'I've moved on' after being traded by Colorado Rockies,abc,sports
https://abcnews.go.com/Sports/st-louis-cardinals-3b-nolan-arenado-ive-moved/story?id=76747522,St. Louis Cardinals 3B Nolan Arenado says 'I've moved on' from being traded by Colorado Rockies,abc,sports
https://abcnews.go.com/Sports/frank-vogel-los-angeles-lakers-lot-addition-andre/story?id=76743235,Frank Vogel says Los Angeles Lakers 'got a lot better' with addition of Andre Drummond,abc,sports
https://abcnews.go.com/Sports/aaron-gordon-debuts-denver-nuggets-sees-limits-teams/story?id=76742864,"Aaron Gordon debuts for Denver Nuggets, sees 'no limits' on team's potential",abc,sports
https://abcnews.go.com/Sports/dominant-overtime-helps-ucla-secure-spot-elite-ncaa/story?id=76741918,Dominant overtime helps UCLA secure spot in Elite Eight of NCAA men's basketball tournament,abc,sports
https://abcnews.go.com/Sports/florida-panthers-aaron-ekblad-off-ice-stretcher-leg/story?id=76740493,Florida Panthers' Aaron Ekblad taken off ice on stretcher with leg injury,abc,sports
https://abcnews.go.com/Sports/sources-trevor-lawrence-attend-nfl-draft-cleveland-watch/story?id=767392599,"Sources: Trevor Lawrence won't attend NFL draft in Cleveland, will watch at Clemson instead",abc,sports
https://abcnews.go.com/Sports/indiana-mens-basketball-hires-mike-woodson-deal-years/story?id=76738174,Indiana men's basketball hires Mike Woodson; deal is for six years sources say,abc,sports
https://abcnews.go.com/Sports/deal-mike-woodson-indiana-years-sources-hoosiers-finally/story?id=76738173,"Deal between Mike Woodson and Indiana is for six years, sources say, as Hoosiers finally announce their next men's basketball coach",abc,sports
https://abcnews.go.com/Sports/deal-mike-woodson-indiana-years-sources-hoosiers-finally/story?id=76737896,"Deal between Mike Woodson and Indiana will be for six years, sources say, as Hoosiers finally find their next men's basketball coach",abc,sports
https://abcnews.go.com/Sports/orleans-saints-alvin-kamara-players-displeased-17-game/story?id=76737895,New Orleans Saints' Alvin Kamara among players displeased with likely 17-game NFL schedule,abc,sports
https://abcnews.go.com/Sports/deal-mike-woodson-indiana-appears-imminent-sources-hoosiers/story?id=76737257,"Deal between Mike Woodson and Indiana appears imminent, sources say, as Hoosiers hone in on their next men's basketball coach",abc,sports
"https://abcnews.go.com/Sports/sources-randy-dobnak-minnesota-twins-agree-year-925m/story?id=76737119,","Sources: Randy Dobnak, Minnesota Twins agree to 5-year, $9.25M extension that includes 3 club options",abc,sports
https://abcnews.go.com/Sports/oklahoma-city-thunder-waive-recently-acquired-austin-rivers/story?id=767362722,Oklahoma City Thunder waive recently acquired Austin Rivers,abc,sports
https://abcnews.go.com/Sports/andre-drummond-plans-sign-los-angeles-lakers-agent/story?id=76736168,"Andre Drummond plans to sign with Los Angeles Lakers, agent says",abc,sports
https://abcnews.go.com/Sports/naomi-osaka-makes-4th-round-miami-1st-time/story?id=76735811,Naomi Osaka makes 4th round in Miami for 1st time with walkover,abc,sports
https://abcnews.go.com/Sports/nascar-moves-bristol-dirt-race-monday-due-heavy/story?id=76735810,"NASCAR moves Bristol dirt race to Monday due to heavy rains, flood warning",abc,sports
https://abcnews.go.com/Sports/orleans-pelicans-zion-williamson-unusual-force-dallas-mavericks/story?id=76732115,"New Orleans Pelicans' Zion Williamson 'an unusual force,' Dallas Mavericks coach Rick Carlisle says",abc,sports
https://abcnews.go.com/Sports/orleans-pelicans-zion-williamson-unusual-force-mavs-rick/story?id=767320488,"New Orleans Pelicans' Zion Williamson 'an unusual force,' Mavs' Rick Carlisle says",abc,sports
https://abcnews.go.com/Sports/francis-ngannou-wins-ufc-heavyweight-title-ready-time/story?id=76731877,"Francis Ngannou wins UFC heavyweight title, 'ready any time' for Jon Jones",abc,sports
https://abcnews.go.com/Sports/doc-rivers-west-prediction-afar-lakers-clippers-teams/story?id=76731370,"Doc Rivers gives West prediction 'from afar,' says Lakers, Clippers 'still the teams to beat",abc,sports
https://abcnews.go.com/Sports/doc-rivers-west-prediction-afar-lakers-clippers-teams/story?id=76731171,"Doc Rivers gives West prediction 'from afar,' says Lakers, Clippers 'still teams to beat",abc,sports
"https://abcnews.go.com/Sports/balanced-effort-helps-indiana-knock-off-nc-state/story?id=76730038,","Balanced effort helps Indiana knock off NC State, securing its first berth in women's basketball tournament Elite Eight",abc,sports
https://abcnews.go.com/Sports/newly-acquired-boston-celtics-guard-evan-fournier-health/story?id=76729402,Newly acquired Boston Celtics guard Evan Fournier placed in health and safety protocols,abc,sports
https://abcnews.go.com/Sports/balanced-effort-helps-indiana-knock-off-nc-state/story?id=76729334,"Balanced effort helps Indiana knock off NC State, securing its first berth in women's basketball Elite Eight",abc,sports
https://abcnews.go.com/Sports/dillian-whyte-knocks-alexander-povetkin-win-wbc-interim/story?id=76728683,Dillian Whyte knocks out Alexander Povetkin to win WBC interim heavyweight belt,abc,sports
https://abcnews.go.com/Politics/accused-drug-trafficking-honduran-president-critical-challenge-bidens/story?id=766787299,"Accused in drug trial, Honduran president a challenge for Biden's migration plans",abc,Politics
https://abcnews.go.com/Politics/doom-fears-bring-grim-reminders-covid-realities-note/story?id=76751707,Doom' fears bring grim reminders of COVID realities: The Note,abc,Politics
https://abcnews.go.com/Politics/targeted-violence-schools-preventable-secret-service-report/story?id=76755511," Targeted violence' against schools preventable: Secret Service report,Voters who saved Biden campaign rate early presidency: ",abc,Politics
https://abcnews.go.com/Politics/make-america-greater-voters-saved-biden-campaign-rate/story?id=76396185,Make America become greater',abc,Politics
https://abcnews.go.com/Politics/york-city-moves-end-qualified-immunity-making-1st/story?id=76752098,"New York City moves to end qualified immunity, making it the 1st city in US to do so,Biden calls for mask mandates ",abc,Politics
https://abcnews.go.com/Politics/cdc-director-feels-sense-impending-doom-covid-19/story?id=76750417,CDC director fears 'impending doom' from COVID surge,abc,Politics
https://abcnews.go.com/Politics/cdc-extends-eviction-moratorium-late-june/story?id=76751761,CDC extends eviction moratorium until late June,abc,Politics
https://abcnews.go.com/Politics/voting-rights-clashes-threaten-derail-biden-agenda-note/story?id=767348933,Voting-rights clashes threaten to derail Biden agenda: The Note,abc,Politics
https://abcnews.go.com/Politics/bipartisanship-key-successful-voting-reform-gop-sen-dan/story?id=76725701,Bipartisanship key to successful voting reform: GOP Sen. Dan Sullivan,abc,Politics
https://abcnews.go.com/Politics/kate-bedingfield-calls-migrant-surge-cyclical-issue/story?id=76725635,Kate Bedingfield calls migrant surge a 'cyclical issue,abc,Politics
https://abcnews.go.com/Politics/week-transcript-28-21-white-house-communications-director/story?id=76732573,"'This Week' Transcript 3-28-21: Kate Bedingfield, Sen. Dan Sullivan",abc,Politics
https://abcnews.go.com/Politics/biden-receives-high-marks-covid-19-lags-immigration/story?id=76722985,"Biden receives high marks on COVID-19, lags on immigration, guns: POLL",abc,Politics
https://abcnews.go.com/Politics/georgia-lawmaker-shaken-resolved-arrest-election-bill-signing/story?id=76725949,Georgia lawmaker 'shaken but resolved' following arrest at election bill signing,abc,Politics
https://abcnews.go.com/Politics/patrolling-rio-grande-migrant-crossings-reporters-notebook/story?id=76725190,Patrolling the Rio Grande for migrant crossings: Reporter's Notebook,abc,Politics
https://abcnews.go.com/Politics/georgias-election-law-marks-1st-battle-voting-rights/story?id=76701964,Georgia's new election law marks 1st battle in voting rights war,abc,Politics
https://abcnews.go.com/Politics/biden-takes-long-view-matter-timing-presidency-agenda/story?id=76704106,"Biden takes the long view: 'It's a matter of timing,' he says of presidency, agenda",abc,Politics
https://abcnews.go.com/Politics/white-house-communications-director-kate-bedingfield-sen-dan/story?id=76722265,Kate Bedingfield & Dan Sullivan Sunday on 'This Week' with Co-Anchor Jonathan Karl,abc,Politics
https://abcnews.go.com/Politics/californians-recall-gov-gavin-newsom-process-work/story?id=76677007,Why some Californians are trying to remove Gov. Gavin Newsom and how a recall works,abc,Politics
https://abcnews.go.com/Politics/homeland-security-secretary-alejandro-mayorkas-fires-member-homeland/story?id=76715980,Homeland Security chief fires almost every member of advisory council,abc,Politics
https://abcnews.go.com/Politics/us-airlines-bet-pent-demand-mass-vaccinations-rebuilding/story?id=76705715,"Along the southern border with GOP senators: Reporter's Notebook,Which destinations US airlines are betting on for summer 2021",abc,Politics
https://abcnews.go.com/Politics/video/georgia-governor-signs-state-elections-law-76713161,Georgia governor signs new state elections law,abc,Politics
https://abcnews.go.com/Politics/biden-calls-gop-passed-georgia-law-restricting-voting/story?id=767082288,Biden calls new GOP-passed Georgia law restricting voting access an 'atrocity' ,abc,Politics
https://abcnews.go.com/Politics/jj-surge-11m-vaccine-doses-cdc-director-deeply/story?id=76705319,J&J to send 11M vaccine dosesCDC 'deeply concerned' about possible COVID-19 surge ,abc,Politics
https://abcnews.go.com/Politics/trump-claims-capitol-rioters-posed-threat-persecuted/story?id=76702608,"Trump claims Capitol rioters posed 'zero threat,' says some being persecuted",abc,Politics
https://abcnews.go.com/Politics/power-highlights-challenges-biden-note/story?id=76681949,Power of 1 highlights challenges for Biden: The Note,abc,Politics
https://abcnews.go.com/Politics/biden-faces-questioning-largely-avoids-major-headlines/story?id=76685317,Biden faces thorough questioning -- and largely avoids major headlines,abc,Politics
https://abcnews.go.com/Politics/video/supreme-court-rules-police-force-76692800,Supreme Court rules on police use of force,abc,Politics
https://abcnews.go.com/Politics/kemp-sign-sweeping-elections-bill-passed-georgia-legislature/story?id=76677927,Kemp signs sweeping elections bill passed by Ga. legislature. Here's what's in it.,abc,Politics
https://abcnews.go.com/Politics/scared-hungry-young-boys-cross-border/story?id=76633536,Scared and hungry: Young boys cross the border alone,abc,Politics
https://abcnews.go.com/Politics/us-troops-afghanistan-year-biden-tough-deadline/story?id=76684274,"US troops out of Afghanistan by next year, says Biden, but not by May 1 deadline",abc,Politics
https://abcnews.go.com/Politics/biden-holds-1st-formal-news-conference-faces-questions/story?id=76661623,"Biden holds 1st formal news conference, faces questions on agenda, migrant surge ",abc,Politics
https://abcnews.go.com/Politics/change-paradigm-biden-takes-expansive-view-powers-analysis/story?id=76685384,Change the paradigm': Biden takes expansive view of powers: ANALYSIS,abc,Politics
https://abcnews.go.com/Politics/trump-boost-administration-officials-2022-midterms/story?id=76679607,Trump looks to boost former administration officials in 2022 midterms,abc,Politics
https://abcnews.go.com/Politics/video/key-moments-bidens-1st-presidential-press-conference-76685471,  Key moments from Biden's 1st presidential press conference,abc,Politics
https://abcnews.go.com/Politics/cuomos-family-special-access-covid-19-tests-early/story?id=76675407,Cuomo family had special access to COVID-19 tests in early days of pandemic: Reports,abc,Politics
https://abcnews.go.com/Politics/supreme-court-police-shootings-momentary-seizures-4th-amendment/story?id=76678756,Supreme Court says police shootings are momentary 'seizures' under 4th Amendment,abc,Politics
https://abcnews.go.com/Politics/video/senate-dems-move-forward-voting-rights-bill-76673156,Senate Dems move forward with voting rights bill,abc,Politics
https://abcnews.go.com/Politics/biden-faces-press-early-pivot-point-presidency-note/story?id=76658224,Biden faces press at early pivot point in presidency: The Note,abc,Politics
https://abcnews.go.com/Politics/consoler-chief-presidents-response-mass-shooting-defining-moment/story?id=76654748,Consoler in chief: A president's response to a mass shooting is a defining moment,abc,Politics
https://abcnews.go.com/Politics/video/numbers-bostons-1st-black-1st-female-mayor-76665424,By the Numbers: Boston’s 1st Black and 1st female mayor,abc,Politics
https://abcnews.go.com/Politics/pentagon-panel-sexual-assault-military/story?id=76662905,New Pentagon panel to take on sexual assault in the military,abc,Politics
https://abcnews.go.com/Politics/biden-administration-access-border-facility-capacity/story?id=76662203,Biden administration allows access to border facility -- but not ones over capacity,abc,Politics
https://abcnews.go.com/Politics/rachel-levine-confirmed-senate-highest-ranking-openly-transgender/story?id=76653829,Rachel Levine makes history as 1st transgender person confirmed by Senate,abc,Politics
https://abcnews.go.com/Politics/senate-democrats-move-forward-voting-rights-bill-republican/story?id=76653784,Senate Democrats move forward with voting rights bill despite Republican opposition,abc,Politics
https://abcnews.go.com/Politics/missing-person-case-leads-authorities-thwart-potential-mass/story?id=76659224,Missing person case leads authorities to thwart potential 'mass casualty incident',abc,Politics
https://abcnews.go.com/Politics/fema-reimburse-families-years-covid-related-funeral-expenses/story?id=76658708,FEMA to reimburse families for last year's COVID-related funeral expenses,abc,Politics
https://abcnews.go.com/Politics/biden-taps-harris-stem-migration-flow-central-america/story?id=76657373,Biden taps Harris to stem migration flow from Central America,abc,Politics
https://abcnews.go.com/Politics/trump-pulled-wool-off-everyones-eyes-racism-cnns/story?id=76654747,Trump 'pulled the wool off everyone's eyes' about racism: CNN's Don Lemon,abc,Politics
https://abcnews.go.com/Politics/kim-janey-sworn-1st-black-1st-woman-mayor/story?id=76650043,"History made in Boston as 1st Black, 1st woman becomes mayor",abc,Politics
https://abcnews.go.com/Business/wireStory/asian-shares-rise-amid-mixed-market-signs-76763801,"World shares advance, US bond yields press higher",abc,Business
https://abcnews.go.com/Business/spacs-craze-economists/story?id=76747045,What to know about the SPACs craze and why it’s concerning economists,abc,Business
https://abcnews.go.com/Business/wireStory/world-leaders-call-international-pandemic-treaty-767642311,"World leaders call for pandemic treaty, but short on details",abc,Business
https://abcnews.go.com/Business/wireStory/turkey-reinstates-restrictions-sharp-virus-cases-rise-767639411,Turkey reinstates restrictions after sharp virus cases rise,abc,Business
https://abcnews.go.com/Business/wireStory/german-industrial-union-employers-reach-pay-agreement-767638711,"German industrial union, employers reach pay agreement",abc,Business
https://abcnews.go.com/Business/wireStory/spanish-resorts-languish-madrid-hosts-europes-parties-767637988,Spanish resorts languish while Madrid hosts Europe's parties,abc,Business
https://abcnews.go.com/Business/wireStory/stepping-myanmar-coup-penalties-us-suspends-trade-deal-76762182,Stepping up Myanmar coup penalties,abc,Business
https://abcnews.go.com/Business/wireStory/asian-stocks-mixed-amid-vaccine-stimulus-optimism-76743236,"US suspends trade deal,Asian shares mixed after Wall St. fall, mixed market signs",abc,Business
https://abcnews.go.com/Business/wireStory/biden-infrastructure-package-approved-summer-76758548,Biden wants infrastructure package approved over summer,abc,Business
https://abcnews.go.com/Business/wireStory/mexico-sues-us-proposed-nuclear-waste-storage-plans-76752491,New Mexico sues US over proposed nuclear waste storage plans,abc,Business
https://abcnews.go.com/Business/wireStory/amazon-faces-biggest-union-push-history-76757854,Amazon faces biggest union push in its history,abc,Business
https://abcnews.go.com/Business/wireStory/report-covid-1st-jumped-humans-animals-76751309,WHO report: COVID likely 1st jumped into humans from animals,abc,Business
https://abcnews.go.com/Business/wireStory/ap-source-vw-plans-brand-change-voltswagen-us-76756256,AP source: VW plans brand-name change to 'Voltswagen' in US,abc,Business
https://abcnews.go.com/Business/wireStory/southwest-airlines-orders-100-boeing-737-max-planes-76750418,Southwest Airlines orders 100 Boeing 737 Max planes,abc,Business
https://abcnews.go.com/Business/wireStory/major-us-stock-indexes-fared-monday-76754851,How major US stock indexes fared Monday,abc,Business
https://abcnews.go.com/Business/wireStory/credit-suisse-peoples-bancorp-fall-boeing-bluebird-rise-76754848,"Credit Suisse, People's Bancorp fall; Boeing, Bluebird rise",abc,Business
https://abcnews.go.com/Business/wireStory/closing-prices-crude-oil-gold-commodities-76754072,"Closing prices for crude oil, gold and other commodities",abc,Business
https://abcnews.go.com/Business/wireStory/rebels-leave-beheaded-bodies-streets-mozambique-town-76753144,Rebels leave beheaded bodies in streets of Mozambique town,abc,Business
https://abcnews.go.com/Business/wireStory/latest-portugal-tightens-covid-19-flight-restrictions-76744273,The Latest: Spain encourages safety measures amid Holy Week,abc,Business
https://abcnews.go.com/Business/wireStory/container-ship-stuck-suez-canal-partially-refloated-76742224,"Ship 'partially refloated,' but still stuck in Suez Canal",abc,Business
https://abcnews.go.com/Business/wireStory/economist-pulled-albania-1997-anarchy-dead-58-76750891,Economist who pulled Albania out of 1997 anarchy dead at 58,abc,Business
https://abcnews.go.com/Business/wireStory/houghton-mifflin-shedding-consumer-books-349-million-76746986,News Corp. buys Houghton Mifflin Harcourt books division,abc,Business
https://abcnews.go.com/Business/wireStory/suez-canal-blockage-adds-pressure-points-global-trade-76742659,Suez Canal blockage adds to pressure points in global trade,abc,Business
https://abcnews.go.com/Business/wireStory/spain-targets-africa-boost-diplomatic-business-ties-76749560,"Spain targets Africa in boost of diplomatic, business ties",abc,Business
https://abcnews.go.com/Business/wireStory/key-bridging-political-divide-sit-talk-76749297,A key to bridging the political divide: Sit down and talk?,abc,Business
https://abcnews.go.com/Business/wireStory/uk-agency-vaccination-rates-lowest-older-black-people-76749102,UK agency: Vaccination rates lowest among older Black people,abc,Business
https://abcnews.go.com/Business/wireStory/paris-court-convicts-fines-pharma-firm-deadly-diet-76745444,"Paris court convicts, fines pharma firm for deadly diet pill",abc,Business
https://abcnews.go.com/Business/wireStory/happy-monday-england-embarks-major-easing-lockdown-76744308,Happy Monday? England embarks on major easing of lockdown,abc,Business
https://abcnews.go.com/Business/wireStory/explainer-amazon-union-vote-76748068,EXPLAINER: What to know about the Amazon union vote,abc,Business
https://abcnews.go.com/Business/wireStory/merkel-faults-german-perfectionism-current-virus-woes-76744351,Merkel faults German 'perfectionism' for current virus woes,abc,Business
https://abcnews.go.com/Business/wireStory/german-government-buys-stake-defense-supplier-hensoldt-76744948,German government buys stake in defense supplier Hensoldt,abc,Business
https://abcnews.go.com/Business/wireStory/credit-suisse-faces-loss-hedge-fund-default-76743000,Global banks warn of possible losses from hedge fund default,abc,Business
https://abcnews.go.com/Business/wireStory/week-consumer-confidence-carmax-earns-jobs-report-76742660,"This Week: Consumer confidence, CarMax earns, jobs report",abc,Business
https://abcnews.go.com/Business/wireStory/swiss-banker-venezuelan-kleptocrats-star-witness-767420566,Swiss banker to Venezuelan kleptocrats becomes star witness,abc,Business
https://abcnews.go.com/Business/wireStory/asian-stocks-advance-vaccine-stimulus-optimism-767423911,"Asian stocks advance on vaccine, stimulus optimism",abc,Business
https://abcnews.go.com/Business/wireStory/latest-crowds-holy-week-ceremonies-amid-pandemic-76732514,"The Latest: Brisbane, Australia will go into lockdown",abc,Business
https://abcnews.go.com/Business/wireStory/rebels-besiege-town-northern-mozambique-day-76735253,Rebels besiege town in northern Mozambique for fifth day,abc,Business
https://abcnews.go.com/Business/wireStory/biden-economic-plan-focus-1st-infrastructure-week-76737155,Biden economic plan to focus 1st on infrastructure this week,abc,Business
https://abcnews.go.com/Business/wireStory/brazil-moms-bearing-brunt-pandemics-blow-76734892,"In Brazil, moms are bearing the brunt of pandemic's blow",abc,Business
https://abcnews.go.com/Business/wireStory/paris-doctors-warn-catastrophic-overload-virus-cases-76733501,Paris doctors warn of catastrophic overload of virus cases,abc,Business
https://abcnews.go.com/Business/wireStory/uk-eases-lockdown-nervously-eyes-european-virus-surge-76732708,UK eases lockdown but nervously eyes European virus surge,abc,Business
https://abcnews.go.com/Business/consumers-shopping-online-cars-dealerships/story?id=76650042,"US auto dealerships are changing -- for the better, industry watchers say",abc,Business
https://abcnews.go.com/Business/wireStory/uk-variant-hunters-lead-global-race-stay-ahead-76732218,UK variant hunters lead global race to stay ahead of COVID,abc,Business
https://abcnews.go.com/Business/wireStory/minneapolis-immigrant-street-struggles-recover-76734509,"In Minneapolis, an immigrant street struggles to recover",abc,Business
https://abcnews.go.com/Business/wireStory/armenia-premier-confirms-step-election-76733706,Armenia premier confirms he will step down to allow election,abc,Business
https://abcnews.go.com/Business/wireStory/paris-doctors-warn-catastrophic-overload-virus-cases-76733500,Paris doctors warn of catastrophic overload of virus cases,abc,Business
https://abcnews.go.com/Business/wireStory/path-clinton-biden-takes-turn-debt-trade-76733195,"Path from Clinton to Biden takes U-turn on debt, trade, more",abc,Business
https://abcnews.go.com/Business/wireStory/albania-starts-mass-covid-vaccinations-tourist-season-76733128,Albania starts mass COVID vaccinations before tourist season,abc,Business
https://abcnews.go.com/Business/wireStory/pope-pandemics-year-weariness-economic-hardship-76732917,Pope on pandemic's second year: Weariness,abc,Business
https://abcnews.go.com/Business/wireStory/merkels-bloc-dips-polls-months-german-vote-76732709,"economic hardship,Merkel's bloc dips in polls 6 months before German vote",abc,Business
https://abcnews.go.com/Entertainment/wireStory/bts-condemns-anti-asian-racism-experienced-76764008,"BTS condemns anti-Asian racism, says they've experienced it",abc,Entertainment
https://abcnews.go.com/Entertainment/wireStory/review-breach-godzilla-kong-76757262,Review: Once more unto the breach in 'Godzilla vs. Kong',abc,Entertainment
https://abcnews.go.com/Entertainment/wireStory/clarification-obit-brian-rohan-story-76759559,San Francisco 'dope lawyer' to the stars Brian Rohan dies,abc,Entertainment
https://abcnews.go.com/Entertainment/wireStory/ample-opportunities-viewers-follow-chauvin-trial-76757139,Ample opportunities for viewers to follow Chauvin trial,abc,Entertainment
https://abcnews.go.com/Entertainment/wireStory/metcalf-loves-weirdo-storyline-tvs-conners-76752317,Metcalf loves her 'weirdo B storyline' on TV's 'The Conners',abc,Entertainment
https://abcnews.go.com/Entertainment/wireStory/captain-underpants-book-pulled-passive-racism-76746370,Captain Underpants' book pulled for 'passive racism',abc,Entertainment
https://abcnews.go.com/Entertainment/wireStory/houghton-mifflin-shedding-consumer-books-349-million-76746633,News Corp. buys Houghton Mifflin Harcourt books division,abc,Entertainment
https://abcnews.go.com/Entertainment/wireStory/week-godzilla-kong-concrete-cowboy-mahalia-76748634,"New this week: Godzilla vs Kong, 'Concrete Cowboy' & Mahalia",abc,Entertainment
https://abcnews.go.com/Entertainment/wireStory/review-bears-life-tells-history-global-warming-76748406,Review: A bear's life tells the history of global warming,abc,Entertainment
https://abcnews.go.com/Entertainment/wireStory/tribeca-plans-person-outdoor-film-festival-june-76747519,"Tribeca plans in-person, outdoor film festival for June",abc,Entertainment
https://abcnews.go.com/Entertainment/wireStory/celebrity-birthdays-week-april-10-76747095,Celebrity birthdays for the week of April 4-10,abc,Entertainment
https://abcnews.go.com/Entertainment/wireStory/oscars-sensitive-art-spark-hong-kong-censorship-fears-76744825,No Oscars or sensitive art spark Hong Kong censorship fears,abc,Entertainment
https://abcnews.go.com/Entertainment/wireStory/san-francisco-dope-lawyer-stars-brian-rohan-dies-76736449,San Francisco 'dope lawyer' to the stars Brian Rohan dies,abc,Entertainment
https://abcnews.go.com/Entertainment/wireStory/lebron-james-chadwick-boseman-honored-naacp-image-awards-76729436,Eddie Murphy inducted into NAACP Image Awards Hall of Fame,abc,Entertainment
",https://abcnews.go.com/Entertainment/wireStory/5000-attend-rock-concert-barcelona-covid-19-screen-76720661","5,000 attend rock concert in Barcelona after COVID-19 screen",abc,Entertainment
",https://abcnews.go.com/Entertainment/wireStory/alabama-shakes-drummer-facing-child-abuse-charges-76727214",Alabama Shakes drummer facing child abuse charges,abc,Entertainment
https://abcnews.go.com/Entertainment/wireStory/shots-musical-serenade-nyc-vaccination-center-76720662,"Shots, and a musical serenade, at NYC vaccination center",abc,Entertainment
https://abcnews.go.com/Entertainment/wireStory/guest-lineups-sunday-news-shows-76714334,Guest lineups for the Sunday news shows,abc,Entertainment
https://abcnews.go.com/Entertainment/wireStory/osbourne-off-talk-inquiry-racism-discussion-76715946,Osbourne off 'The Talk' after inquiry into racism discussion,abc,Entertainment
https://abcnews.go.com/Entertainment/wireStory/rare-1822-gold-coin-fetches-record-84m-auction-76715912,Rare 1822 gold coin fetches record $8.4M at auction in Vegas,abc,Entertainment
https://abcnews.go.com/Entertainment/wireStory/beloved-childrens-author-beverly-cleary-dies-104-76712710,Beloved children’s author Beverly Cleary dies at 104,abc,Entertainment
",https://abcnews.go.com/Entertainment/wireStory/us-court-sides-photographer-fight-warhol-art-76706028",US court sides with photographer in fight over Warhol art,abc,Entertainment
https://abcnews.go.com/Entertainment/wireStory/daily-mail-seeks-reverse-order-denying-trial-credentials-76714117,Daily Mail seeks to reverse order denying trial credentials,abc,Entertainment
https://abcnews.go.com/Entertainment/wireStory/kevin-bacon-aldis-hodge-spar-return-city-hill-76709055,"Kevin Bacon, Aldis Hodge spar in return of 'City on a Hill'",abc,Entertainment
https://abcnews.go.com/Entertainment/wireStory/pulitzer-prize-winning-author-larry-mcmurtry-dies-84-76705815,Pulitzer Prize-winning author Larry McMurtry dies at 84,abc,Entertainment
https://abcnews.go.com/Entertainment/wireStory/friends-made-art-history-buying-70m-digital-work-76696546,How two friends made art history buying a $70M digital work,abc,Entertainment
https://abcnews.go.com/Entertainment/wireStory/media-biden-news-conference-notable-missing-76688377,"For media, Biden news conference notable for what's missing",abc,Entertainment
https://abcnews.go.com/Entertainment/wireStory/dinner-theater-drops-cinderella-white-cast-76705671,Dinner theater drops 'Cinderella' with mostly white cast,abc,Entertainment
https://abcnews.go.com/Entertainment/wireStory/live-long-sculpture-20-foot-art-planned-spock-76705134,Live long in sculpture: 20-foot art planned for Spock symbol,abc,Entertainment
https://abcnews.go.com/Entertainment/wireStory/belgium-shows-restored-masterpiece-stolen-panel-rankles-76698804,Belgium shows restored masterpiece but stolen panel rankles,abc,Entertainment
https://abcnews.go.com/Entertainment/wireStory/reset-button-black-theater-leaders-push-change-76703785,A reset button' — Black theater leaders push for change,abc,Entertainment
https://abcnews.go.com/Entertainment/wireStory/carrie-underwoods-faith-shines-church-hymns-76701603,Carrie Underwood's faith shines through on church hymns,abc,Entertainment
https://abcnews.go.com/Entertainment/wireStory/qa-artist-beeple-selling-nft-collage-record-70m-76696649,Q&A: Artist Beeple on selling NFT collage for a record $70M,abc,Entertainment
",https://abcnews.go.com/Entertainment/wireStory/reports-cuomos-family-access-scarce-covid-testing-76677612",Impeachment probe to examine COVID tests for Cuomo relatives,abc,Entertainment
https://abcnews.go.com/Entertainment/wireStory/acclaimed-french-director-bertrand-tavernier-dead-aged-79-76679824,Acclaimed French director Bertrand Tavernier dies at age 79,abc,Entertainment
",https://abcnews.go.com/Entertainment/wireStory/ofarrells-hamnet-wins-book-critics-award-fiction-76692665",O'Farrell's 'Hamnet' wins book critics award for fiction,abc,Entertainment
",https://abcnews.go.com/Entertainment/wireStory/friends-nantz-agrees-remain-cbs-sports-76692513","Hello, friends': Nantz agrees to remain with CBS Sports",abc,Entertainment
https://abcnews.go.com/Entertainment/wireStory/reports-cnns-chris-cuomo-special-covid-19-testing-76690901,Reports say CNN's Chris Cuomo got special COVID-19 testing,abc,Entertainment
",https://abcnews.go.com/Entertainment/wireStory/arrested-development-actor-jessica-walter-dies-80-76686158",Arrested Development' actor Jessica Walter dies at 80,abc,Entertainment
https://abcnews.go.com/Entertainment/wireStory/dozens-playwrights-actors-join-period-piece-monologues-76689271,"Dozens of playwrights, actors join 'Period Piece' monologues",abc,Entertainment
",https://abcnews.go.com/Entertainment/wireStory/spielberg-donates-genesis-prize-money-justice-nonprofits-76686346",Spielberg donates Genesis Prize money to justice nonprofits,abc,Entertainment
https://abcnews.go.com/Entertainment/wireStory/godzilla-kong-heavyweight-bout-light-touch-76680208,Godzilla vs. Kong'; A heavyweight bout with a light touch,abc,Entertainment
",https://abcnews.go.com/Entertainment/wireStory/tv-series-dr-death-podcast-shot-mexico-76685385",TV series from 'Dr. Death' podcast being shot in New Mexico,abc,Entertainment
https://abcnews.go.com/Entertainment/wireStory/publishers-weekly-best-sellers-76683872,PUBLISHERS WEEKLY BEST-SELLERS,abc,Entertainment
https://abcnews.go.com/Entertainment/wireStory/morris-dickstein-influential-critic-historian-dead-81-76683861,"Morris Dickstein, influential critic-historian, dead at 81",abc,Entertainment
https://abcnews.go.com/Entertainment/wireStory/rarely-van-gogh-masterpiece-hammer-paris-76680686,Rare Van Gogh masterpiece sells for $15.4 million in Paris,abc,Entertainment
",https://abcnews.go.com/Entertainment/wireStory/york-city-launches-push-vaccinate-theater-workers-76680687",New York City launches push to vaccinate theater workers,abc,Entertainment
https://abcnews.go.com/Entertainment/wireStory/best-sellers-books-usatoday-76680936,Best-Sellers-Books-USAToday,abc,Entertainment
https://abcnews.go.com/Entertainment/wireStory/review-tina-final-word-legendary-survivor-76663533,"Review: In 'Tina,' the final word from a legendary survivor",abc,Entertainment
https://abcnews.go.com/Entertainment/wireStory/godzilla-kong-heavyweight-bout-light-touch-76680032,Godzilla vs. Kong'; A heavyweight bout with a light touch,abc,Entertainment
https://www.foxnews.com/sports/atlanta-magic-city-kitchen-lou-williams-hawks,"Atlanta's Magic City Kitchen welcomes Lou Williams after Hawks trade, controversial summer strip club pop-in",fox,Sports
https://www.foxnews.com/sports/mlb-fernando-tatis-jr-nft-padres,MLB star Fernando Tatis Jr. plans NFT release next month,fox,Sports
https://www.foxnews.com/sports/abilene-christian-ncaa-tournament-march-madness-payout,Abilene Christian earned big bucks in brief March Madness appearance,fox,Sports
https://video.foxbusiness.com/v/6243526945001/,"school president says,Roundhill Investments launches sports-centered ETF",fox,Sports
https://video.foxbusiness.com/v/6243508337001/,Retro Fitness offers perks for vaccine recipients,fox,Sports
https://video.foxbusiness.com/v/6242738717001/,Baseball back in full swing next week amid pandemic,fox,Sports
https://www.foxnews.com/markets/draftkings-and-how-aol-co-founder-steve-case-made-a-killing,DraftKings and how AOL co-founder Steve Case made a killing,fox,Sports
https://www.foxnews.com/sports/some-nfl-veterans-prosper-as-business-season-begins,Some NFL veterans prosper as business season begins,fox,Sports
https://www.foxnews.com/sports/2021-ncaa-march-madness-fans-opening-wallets-in-big-way,NCAA March Madness 2021 betting expects to see fans open wallets in a big way,fox,Sports
https://video.foxbusiness.com/v/6241598840001/,March Madness fans opening wallets in a big way ,fox,Sports
https://www.foxnews.com/sports/ncaa-mens-basketball-tournament-2021-highest-paid-coaches,NCAA Men's Basketball Tournament 2021: Who are the highest-paid coaches competing for title?,fox,Sports
https://www.foxnews.com/sports/lebron-james-pepsi-mountain-dew,Busy LeBron James racks up another big business deal,fox,Sports
https://video.foxnews.com/v/6245083476001,Biden urged to visit border to witness growing crisis,fox,Politics
https://www.foxnews.com/politics/cuomo-admin-kept-covid-19-tests-from-nursing-homes-as-dems-relatives-got-them,Cuomo administration kept COVID-19 tests from nursing homes as Dem's relatives got them,fox,Politics
",https://video.foxnews.com/v/6245080009001",Cuomo administration kept COVID-19 tests from nursing homes as Dem's relatives got them. Former border chiefs sound alarm: Immigration system being overwhelmed,fox,Politics
https://www.foxnews.com/politics/republicans-go-all-in-on-attacking-dems-election-reform-bill,S1 slammed as 'political corruption' as Republicans go all-in on attacking Dems' election reform bill,fox,Politics
",https://video.foxnews.com/v/6245070459001",WHO report on COVID source likely being animals 'can't be trusted': Rep. Cammack,fox,Politics
https://www.foxnews.com/politics/cartoons-slideshow, Political cartoon of the day: Mixed messages,fox,Politics
https://www.foxnews.com/us/kamala-harris-what-to-know-first-female-vice-president,Kamala Harris: What to know about America's first female vice president,fox,Politics
https://www.foxnews.com/politics/cartoons-slideshow,Political cartoon of the day: Mixed messages,fox,Politics
https://video.foxnews.com/v/6244845074001,We’re helping diverse communities achieve the American Dream: ASIAN Inc. president,fox,Politics
"https://www.foxnews.com/us/eric-talley-tunnel-to-towers-boulder-shooting,",Slain Boulder officer Eric Talley: Tunnel to Towers to pay family's mortgage,fox,Politics
https://www.foxnews.com/opinion/biden-no-mandate-radical-agenda-backfire-liz-peek,Liz Peek: Biden has no mandate – here's why he was really hired and how his left-wing agenda will backfire,fox,Politics
https://www.foxnews.com/media/ex-cnner-torches-network-for-having-thumb-on-the-scale, Ex-CNN’er torches network for having ‘thumb’ on the scale,fox,Politics
https://www.foxnews.com/politics/gun-reform-stands-little-chance-of-passing-through-senate-even-with-a-democratic-majority,"Gun reform stands little chance of passing through Senate, even with a Democratic majority",fox,Politics
https://www.foxnews.com/politics/border-crisis-biden-trump-immigration-policies-senator-john-kennedy,Border crisis can be 'fixed' in a week if Biden returns to Trump immigration policies: Sen. Kennedy,fox,Politics
https://www.foxnews.com/politics/fauci-says-covid-19-vaccine-push-best-decision-that-hes-made,"Fauci says COVID-19 vaccine push could be 'best decision' he's made,DC mayor deletes preventing auto theft tweet after igniting outrage",fox,Politics
https://www.foxnews.com/politics/kamala-harris-during-this-border-mess,Kamala Harris MIA during border crisis: Where is she?,fox,Politics
"https://www.foxnews.com/politics/white-house-lists-biden-harris-administration-on-official-website,",White House lists ‘Biden-Harris administration’ on official website,fox,Politics
https://video.foxnews.com/v/6244989395001,New York City ends qualified immunity for police officers,fox,Politics
",https://video.foxnews.com/v/6244985051001",Rep. Fallon: Biden border 'crisis' product of 'horrible policy and terrible planning',fox,Politics
https://www.foxnews.com/politics/duckworth-to-speak-on-gwu-alumni-panel-statues,Duckworth to speak on GWU alumni panel after saying ‘we should listen to the argument’ for taking down statues,fox,Politics
https://www.foxnews.com/politics/gun-reform-stands-little-chance-of-passing-through-senate-even-with-a-democratic-majority,"Gun reform stands little chance of passing through Senate, even with a Democratic majority",fox,Politics
",https://video.foxnews.com/v/6244973913001",Biden administration asks federal workers to volunteer at southern border,fox,Politics
https://www.foxnews.com/politics/texas-congressman-new-photos-migrant-kids-held-southern-border,Texas Democrat shares new photos of migrant kids being held at the southern border,fox,Politics
https://www.foxnews.com/politics/biden-admin-asks-for-govt-volunteers-at-the-border-amid-crisis,Biden admin asks for government volunteers at the border amid crisis,fox,Politics
https://www.foxnews.com/politics/warnock-declines-to-oppose-georgia-boycotts-over-new-election-law,Warnock declines to oppose Georgia boycotts over new election law,fox,Politics
https://video.foxnews.com/v/6244947945001,Biden talks with historians about building legacy,fox,Politics
https://www.foxnews.com/politics/biden-kate-bedingfield-migrant-surge-psaki,Chris Wallace rips Psaki for not allowing reporters at the southern border,fox,Politics
https://video.foxnews.com/v/6244957073001,New York City votes to end qualified immunity for police,fox,Politics
https://www.foxnews.com/media/bidens-presser-reporters-ask-mostly-vague-questions-embracing-liberal-priorities,Biden’s presser: Reporters ask mostly vague questions embracing liberal priorities,fox,Politics
https://www.foxnews.com/media/colorado-shooting-spurs-another-media-debate-over-gun-gridlock,Colorado shooting spurs another media debate over gun gridlock,fox,Politics
https://www.foxnews.com/media/media-traffic-shrinking-since-trump-moved-to-mar-a-lago,Media traffic shrinking since Trump moved to Mar-a-Lago,fox,Politics
https://www.foxnews.com/politics/kamala-harris-during-this-border-mess,"Kamala Harris MIA during border crisis: Where is she?,White House lists ‘Biden-Harris administration’ on official website",fox,Politics
https://www.foxnews.com/media/white-house-reporter-accuses-the-son-of-pakistani-immigrant-of-pushing-far-right-narratives-in-response,White House reporter accuses Pakistani immigrant's son of pushing 'far-right narratives' for DC murder concern,fox,Politics
https://www.foxnews.com/politics/biden-coronavirus-recovery-trillion-democrats-infrastructure,Biden to push another coronavirus recovery bill on top of $1.9T package: Psaki,fox,Politics
https://www.foxbusiness.com/economy/larry-kudlow-warns-biden-tax-plan-would-ignite-class-warfare,Larry Kudlow warns Biden tax plan would ignite ‘class warfare’,fox,Business
https://www.foxbusiness.com/economy/ever-given-container-ship-stuck-in-suez-canal-partially-refloated,"Ever Given, container ship stuck in Suez Canal, 'partially refloated'",fox,Business
https://www.foxbusiness.com/politics/biden-administration-working-on-covid-19-passports-to-enable-american-travel,Biden administration working on vaccine passports to pave way for travel,fox,Business
https://www.foxbusiness.com/economy/coronavirus-was-supposed-to-drive-bankruptcies-higher-the-opposite-happened,COVID was supposed to drive bankruptcies higher -- the opposite happened,fox,Business
https://www.foxbusiness.com/markets/credit-suisse-warns-on-highly-significant-loss-tied-to-hedge-fund,Credit Suisse warns on “highly significant” loss tied to hedge fund,fox,Business
https://www.foxbusiness.com/politics/florida-gov-desantis-threatens-to-sue-fed-if-they-dont-lift-no-sail-ban-by-the-summer,"Governor threatens to sue US if cruise ship ban isn't lifted,",fox,Business
https://www.foxbusiness.com/politics/silicon-valley-gavin-newsom-recall-oppose,Silicon Valley opposes effort to replace Newsom with 'Trump Republican',fox,Business
https://www.foxbusiness.com/lifestyle/moats-trampolines-and-crazy-pools-the-wildest-requests-pro-landscapers-have-fielded,"Moats, trampolines and crazy pools: Landscapers recall wildest requests",fox,Business
https://www.foxbusiness.com/lifestyle/maryland-witches-stairs-alternate-tread-staircase,Real estate listing with 'witch's steps' goes viral,fox,Business
https://www.foxbusiness.com/technology/amazon-workers-pee-water-bottles,"Amazon aware that workers allegedly defecating in bags, documents show",fox,Business
https://www.foxbusiness.com/technology/robocalls-back-how-to-stop-them,Robocalls are back with a vengeance: How to stop them,fox,Business
https://www.foxbusiness.com/lifestyle/redfin-moving-metro-area,Record number of homebuyers moving away from expensive coastal cities,fox,Business
https://www.foxbusiness.com/economy/buttigieg-vehicle-miles-tax-infrastructure,Buttigieg suggests 'vehicle miles tax' to pay for infrastructure projects,fox,Business
https://www.foxbusiness.com/lifestyle/mall-face-financial-woes-from-theme-park-investments-but-vaccine-rollout-gives-hope,Mall faces financial woes from theme-park investments; solutions proposed,fox,Business
https://www.foxbusiness.com/real-estate/jerry-seinfeld-asking-million-27-acre-colorado-property,Jerry Seinfeld is asking $14.95 million for 27-acre Colorado property,fox,Business
https://www.foxbusiness.com/industrials/biden-administration-will-impose-new-regulations-on-meat-industry-expert-warns,Biden admin will impose new rules on meat industry: expert,fox,Business
https://www.foxbusiness.com/markets/suez-canal-egypt-european-tugboats-ship-stuck,Suez Canal authorities prep new attempts to free ship as questions swirl,fox,Business
https://www.foxbusiness.com/politics/new-trade-representative-says-us-isnt-ready-to-lift-china-tariffs,New trade representative says US isn’t ready to lift China tariffs,fox,Business
https://www.foxbusiness.com/lifestyle/marriott-ceo-jobs-company-actively-hiring,Marriott CEO says jobs 'absolutely' coming back; company is 'actively hiring',fox,Business
https://www.foxbusiness.com/economy/ever-given-container-ship-stuck-in-suez-canal-partially-refloated,"Suez Canal ship Ever Given freed, traffic resumes in crucial shipping channel",fox,Business
https://www.foxbusiness.com/markets/credit-suisse-warns-on-highly-significant-loss-tied-to-hedge-fund,"Credit Suisse warns on “highly significant” loss tied to hedge fund,Amazon vote",fox,Business
https://www.foxbusiness.com/technology/amazon-workers-pee-water-bottles,"Amazon aware that workers allegedly pee in water bottles, documents show; company pushes back",fox,Business
https://www.foxbusiness.com/lifestyle/some-alaska-costco-shoppers-say-ravens-steal-their-groceries,Some Alaska Costco shoppers say ravens steal their groceries,fox,Business
https://www.foxbusiness.com/lifestyle/virtual-learning-students-cheating,Virtual learning leading students to cheat more often,fox,Business
https://www.foxbusiness.com/business-leaders/eric-spinato-friend-colleague-and-beloved-by-all,"Eric Spinato: Friend and beloved Fox colleague",fox,Business
https://www.foxbusiness.com/real-estate/what-you-can-get-1-million-bend-oregon,"Here's what you can get for $1M in Bend, Oregon",fox,Business
https://www.foxbusiness.com/lifestyle/british-airways-first-class-meal-kits,"British Airways offers first class dining experience with new meal kits,",fox,Business
https://www.foxbusiness.com/economy/suez-canal-effect-prices-us-economy,"Suez Canal traffic halt could raise prices of goods, jolt US economy",fox,Business
https://www.foxbusiness.com/technology/big-techs-outsized-influence-draws-state-level-pushback,Big Tech's outsized influence draws state-level pushback,fox,Business
https://www.foxbusiness.com/economy/suez-canal-ship-new-attempts,Suez Canal: New attempts planned to free huge vessel as up to $10 billion in global trade affected,fox,Business
https://www.foxbusiness.com/economy/amazon-sanders-minimum-wage-warren-loopholes,"Amazon swipes at Sanders over minimum wage, Warren over 'loopholes' comment",fox,Business
https://www.foxbusiness.com/markets/deutsche-bank-can-sue-madoff-feeder-funds-over-1-6b-claims-sale,"CRIMEPublished March 27
Deutsche Bank can sue Madoff feeder funds over $1.6B claims sale",fox,Business
https://www.foxbusiness.com/money/15-hour-minimum-wage-could-further-sting-teen-employment,$15-an-hour minimum wage could further sting teen employment,fox,Business
https://www.foxbusiness.com/economy/stimulus-checks-for-30m-social-security-recipients-could-go-out-soon-after-delay,Stimulus checks for 30M Social Security recipients could go out soon after delay,fox,Business
https://www.foxbusiness.com/real-estate/bing-crosby-bay-area-home-hits-market,Bing Crosby's onetime Bay Area home hits the market for $13.75 million,fox,Business
https://www.foxbusiness.com/personal-finance/americans-medical-bills-debt-decline,Most Americans who negotiate a medical bill see it reduce or drop entirely: survey,fox,Business
https://www.foxbusiness.com/economy/irs-says-face-masks-hand-sanitizer-are-tax-deductible-medical-expenses,"IRS says face masks, hand sanitizer are tax-deductible medical expenses",fox,Business
https://www.foxbusiness.com/markets/sofi-to-allow-members-to-buy-into-ipos,IPO buys for Sofi members coming,fox,Business
https://www.foxbusiness.com/industrials/boeing-resumes-787-dreamliner-deliveries,Boeing resumes 787 Dreamliner deliveries,fox,Business
https://www.foxbusiness.com/economy/states-taxing-business-on-federal-jobs-relief-package,States taxing business on federal jobs relief package,fox,Business
https://www.foxbusiness.com/politics/california-fed-up-with-democrats-can-flip-from-blue-to-red-state-ric-grenell,"California 'fed up' with Dems, can flip from blue to red: Ric Grenell",fox,Business
https://www.foxbusiness.com/lifestyle/justices-say-accident-victims-can-sue-ford-in-state-courts,Justices say accident victims can sue Ford in state courts,fox,Business
https://www.foxbusiness.com/economy/elizabeth-warren-clashes-with-amazon-over,"Elizabeth Warren clashes with Amazon on Twitter, pledges to fight 'union busting,' break up Big Tech",fox,Business
https://www.foxbusiness.com/lifestyle/ford-f-150-factory-idle-this-weekend-due-to-chip-shortage,Ford F-150 factory idle this weekend due to chip shortage,fox,Business
https://video.foxbusiness.com/v/6244672842001/?playlist_id=3601801609001,Payne: Democrats hijack Black history to further their own agenda,fox,Business
https://video.foxbusiness.com/v/6244670558001/?playlist_id=3601801609001,"From tech to financials, where should you be investing right now?",fox,Business
https://video.foxbusiness.com/v/6244642121001/?playlist_id=3601801609001,Stimulus payments are a 'serious problem': Economist,fox,Business
https://video.foxbusiness.com/v/6244627234001/?playlist_id=3601801609001,"Enlarge player →
Dems will increase national debt with infrastructure bill payment plan: Rep. Issa",fox,Business
"https://www.foxbusiness.com/markets/stocks-futures-slide-as-banks-warn-of-significant-losses-tied-to-hedge-funds-liquidation,","Dow hits record as US banks less exposed to hedge fund's liquidation",fox,Business
https://www.foxbusiness.com/markets/what-to-watch-week-march-28,"Amazon vote, Biden's infrastructure plan and jobs report top week ahead",fox,Business
https://www.foxbusiness.com/markets/stock-futures-drop-as-banks-warn-of-losses,"PRE-MARKETSPublished March 29
Stock Futures Drop as Banks Warn of Losses",fox,Business
https://www.foxbusiness.com/money/cant-afford-mortgage-now-what-to-do,Can't afford your mortgage right now? Here's what you can do,fox,Business
https://www.foxbusiness.com/money/how-to-help-adult-kids-build-credit,How to help your adult kids build their own credit,fox,Business
https://www.foxbusiness.com/money/buy-land-home-factors,"If you want to buy land, consider these factors",fox,Business
https://www.foxbusiness.com/money/how-biden-higher-taxes-can-hurt-markets-your-investments,Biden tax hikes could dampen strong stock market: Investment expert,fox,Business
https://www.foxbusiness.com/real-estate/jerry-seinfeld-asking-million-27-acre-colorado-property,Jerry Seinfeld is asking $14.95 million for 27-acre Colorado property,fox,Business
https://www.foxbusiness.com/real-estate/steve-wynn-company-flips-palm-beach-florida-home-for-5-2m-profit-after-3-months,"Steve Wynn company flips Palm Beach, Florida home for $5.2M profit after 3 months",fox,Business
https://www.foxbusiness.com/real-estate/billionaire-in-n-out-heiress-lists-california-mansion-17m,Billionaire In-N-Out owner lists California estate for nearly $17 million,fox,Business
https://video.foxbusiness.com/v/6237025987001/,Michigan health director receives payout despite resignation: Report,fox,Business
https://www.foxbusiness.com/real-estate/valentino-sued-for-207m-for-pandemic-closing-of-its-manhattan-boutique,Valentino sued for $207M for pandemic closing of its New York City boutique,fox,Business
https://www.foxbusiness.com/media/roku-taps-quibi-to-fight-streaming-wars-as-it-hunts-for-other-content-deals,Roku taps Quibi to fight streaming wars as it hunts for other deals,fox,Business
https://www.foxbusiness.com/energy/carl-icahn-eyes-scandal-mired-firstenergy,Carl Icahn eyes scandal mired FirstEnergy,fox,Business
https://www.foxbusiness.com/economy/ceo-confidence-in-u-s-economic-outlook-reaches-17-year-high,CEO confidence in U.S. economic outlook reaches 17-year high,fox,Business
https://www.foxbusiness.com/technology/microsoft-discord-discuss-10b-deal,"Microsoft, Discord talk $10B deal",fox,Business
https://www.foxbusiness.com/technology/scalise-dorsey-ny-post-hunter-biden,Scalise grills Dorsey about blocking NY Post article on Hunter Biden,fox,Business
https://www.foxbusiness.com/sports/atlanta-magic-city-kitchen-lou-williams-hawks,"Atlanta's Magic City Kitchen welcomes Lou Williams after Hawks trade, controversial summer strip club pop-in",fox,Business
https://www.foxbusiness.com/sports/mlb-fernando-tatis-jr-nft-padres,MLB star Fernando Tatis Jr. plans NFT release next month,fox,Business
https://www.foxbusiness.com/sports/abilene-christian-ncaa-tournament-march-madness-payout,"Abilene Christian earned big bucks in brief March Madness appearance, school president says",fox,Business
https://www.foxbusiness.com/sports/nike-denies-textiles-uyghur-muslim-camps-china,Nike denies using textiles from Uyghur Muslim camps in China,fox,Business
https://www.foxbusiness.com/sports/some-nfl-veterans-prosper-as-business-season-begins,Some NFL veterans prosper as business season begins,fox,Business
https://www.foxbusiness.com/economy/ppp-loans-extended-for-small-businesses-until-may-31,"SMALL BUSINESSPublished March 26
PPP loans extended for small businesses until May 31",fox,Business
https://www.foxbusiness.com/small-business/virginia-restaurant-owner-covid-orders-coronavirus-threat,Virginia restaurant owner who defied COVID orders labeled 'imminent threat' to the community,fox,Business
https://www.foxbusiness.com/economy/states-taxing-business-on-federal-jobs-relief-package,States taxing business on federal jobs relief package,fox,Business
https://www.foxbusiness.com/politics/nyc-billboard-rips-bidens-reported-tax-hike-proposal-for-small-businesses,NYC billboard rips Biden's proposed tax hike for small businesses: 'Not on our watch!',fox,Business
https://www.foxbusiness.com/small-business/new-sba-head-plans-changes-at-agency-focus-now-is-covid-19,New SBA head plans changes at agency; focus now is COVID-19,fox,Business
https://www.foxbusiness.com/economy/coronavirus-was-supposed-to-drive-bankruptcies-higher-the-opposite-happened,Coronavirus was supposed to drive bankruptcies higher. The opposite happened.,fox,Business
https://www.foxbusiness.com/personal-finance/americans-medical-bills-debt-decline,Most Americans who negotiate a medical bill see it reduce or drop entirely: survey,fox,Business
https://www.foxbusiness.com/real-estate/shaq-re-lists-florida-home-after-sale-falls-through,Shaq re-lists Florida home for $16.5M after sale falls through,fox,Business
https://www.foxbusiness.com/lifestyle/facebook-future-smart-glasses-mark-zuckerberg-says-teleport-you,Facebook reveals more details about future smart glasses that Mark Zuckerberg says will ‘teleport’ you,fox,Business
https://www.foxbusiness.com/economy/best-buy-restocks-ps5-and-xbox-consoles-sells-out-in-hours-amid-global-shortage,"Best Buy restocks PS5, Xbox but are sold out within minutes",fox,Business
https://www.foxbusiness.com/lifestyle/ford-trucks-generators-texas-homes-winter-storm-power-outages,Ford trucks' built-in generators power Texas homes after winter storm causes power outages,fox,Business
https://www.foxbusiness.com/lifestyle/gm-chip-shortage-production-factories,"GM hit by chip shortage, will cut production at 4 factories",fox,Business
https://www.foxbusiness.com/sports/nfl-linebacker-cassius-marsh-magic-the-gathering-business,"NFL linebacker Cassius Marsh turns passion for Magic: The Gathering, trading cards into business",fox,Business
https://www.foxbusiness.com/sports/how-cardinals-robert-alford-made-nearly-15m-without-ever-playing-a-game,How Cardinals' Robert Alford made nearly $15M without playing a game,fox,Business
https://www.foxbusiness.com/sports/rob-gronkowski-digital-trading-cards-nft-craze,"Rob Gronkowski to offer exclusive digital trading cards amid NFT craze,",fox,Business
https://www.foxbusiness.com/sports/tom-brady-signed-rookie-card-millions-auction,"Tom Brady-signed rookie card sells for pretty penny, with another gaining steam",fox,Business
https://www.foxbusiness.com/technology/samsung-512-gb-ddr5-ram,Samsung announces cutting-edge 512 GB DDR5 RAM module,fox,Business
https://www.foxbusiness.com/markets/barstools-dave-portnoy-backs-new-buzz-etf,Barstool's Portnoy backs new BUZZ ETF,fox,Business
https://www.foxbusiness.com/business-leaders/fmr-google-ceo-says-china-is-winning-ai-race-us-needs-to-do-more,"Former Google CEO: China is winning AI race, US must do more",fox,Business
https://www.foxbusiness.com/technology/ai-panel-urges-us-to-boost-tech-skills-amid-chinas-rise,AI panel urges US to boost tech skills amid China’s rise,fox,Business
https://www.foxbusiness.com/healthcare/ibm-explores-sale-of-watson-health,IBM explores sale of Watson Health,fox,Business
https://www.foxbusiness.com/economy/biden-infrastructure-plan-details-pittsburgh,Biden to unveil multi-trillion dollar infrastructure plan in Pittsburgh next week,fox,Business
https://www.foxbusiness.com/politics/kayleigh-mcenany-biden-avoiding-press-questions-staff-no-faith,Kayleigh McEnany says Biden avoiding press questions because his staff has no ‘faith’ in him,fox,Business
https://www.foxbusiness.com/politics/jamaal-bowman-took-pay-from-his-campaign-after-promising-not-to-fec-records,Jamaal Bowman took pay from his campaign after promising not to: FEC records,fox,Business
https://www.foxbusiness.com/politics/political-ad-spending-election-season-over,"Political ad spending continues despite end of election season
",fox,Business
https://www.foxbusiness.com/politics/hallmark-sens-hawley-marshall-return-pac-donations,"Hallmark asks Sens. Hawley, Marshall to return PAC donations",fox,Business
https://video.foxbusiness.com/v/6134452204001/,Trump celebrates US being energy independent,fox,Business
https://video.foxbusiness.com/v/5809752521001/,The Trump-Putin summit: What can the US hope to gain?,fox,Business
https://video.foxbusiness.com/v/4680113937001/,Dividend plays to boost investors’ portfolios,fox,Business
https://video.foxbusiness.com/v/3291452062001/,Bill Koch talks fracking,fox,Business
https://video.foxbusiness.com/v/2289340719001/,More Volatility Ahead for Oil?,fox,Business
https://www.foxbusiness.com/lifestyle/singer-boy-george-nft-art,Singer Boy George calls NFTs a 'new and exciting' way to enjoy art,fox,Business
https://www.foxbusiness.com/lifestyle/ntf-art-70-million,How 2 friends made art history buying a $70M digital work,fox,Business
https://www.foxbusiness.com/technology/elon-musk-reverses-course-selling-nft-song,Elon Musk reverses course on selling NFT song,fox,Business
https://www.foxbusiness.com/lifestyle/one-year-later-broadway-remains-dark,"Broadway theaters remain closed, on anniversary of COVID-19 lockdown",fox,Business
https://www.foxbusiness.com/economy/nyc-entertainment-venues-to-reopen-at-low-capacity-starting-april-2,NYC entertainment venues to reopen at low capacity starting April 2,fox,Business
https://lifestyle/singer-boy-george-nft-art,Singer Boy George calls NFTs a 'new and exciting' way to enjoy art,fox,Culture
"https://lifestyle/singer-boy-george-nft-art,/lifestyle/ntf-art-70-million",How 2 friends made art history buying a $70M digital work,fox,Culture
https://video.foxbusiness.com/v/6244450195001/,Boy George: NFTs allow for art to be more available in 'new and exciting way',fox,Culture
https://video.foxbusiness.com/v/6241914555001/,"Mainstream brands join NFT craze, raise money for charity ",fox,Culture
https://video.foxbusiness.com/v/6241724117001/,Clubhouse will be 'next major social network': Superhuman CEO,fox,Culture
"https://technology/elon-musk-reverses-course-selling-nft-song,/lifestyle/one-year-later-broadway-remains-dark",Elon Musk reverses course on selling NFT song,fox,Culture
https://video.foxbusiness.com/v/6239179283001/,Tom Cruise's 'Maverick' estimated to be the first billion dollar post-pandemic film,fox,Culture
https://video.foxbusiness.com/v/6239163037001/,Movie theatres will see 'explosive demand' following lockdowns: Slated co-founder,fox,Culture
https://video.foxbusiness.com/v/6238610332001/,Netflix’s ’13 Reasons Why’ actor Amy Hargreaves encouraging kids to ‘find their voice',fox,Culture
https://video.foxbusiness.com/v/6238028239001/,Creators making millions with ‘non-fungible tokens’,fox,Culture
"https://video.foxbusiness.com/v/6238031603001/,","AMC CEO: As vaccinations continue, movie theatre capacity limits will grow 'pretty rapidly'",fox,Culture
https://video.foxbusiness.com/v/6237528235001/,I wouldn't touch movie theatre stocks: Rich Greenfield,fox,Culture
https://economy/nyc-entertainment-venues-to-reopen-at-low-capacity-starting-april-2,NYC entertainment venues to reopen at low capacity starting April 2,fox,Culture
https://technology/billionaire-seeks-volunteers-spacex-flight-moon,Japanese billionaire seeks volunteers for SpaceX flight around the moon,fox,Culture
https://lifestyle/disney-plans-to-enhance-attractions-boost-efficiency-once-theme-parks-reopen-ceo-says,"Disney plans to enhance attractions, boost efficiency once theme parks reopen, CEO says",fox,Culture
https://lifestyle/virginia-school-district-canceling-dr-seuss-celebration-a-misfocus-of-priorities-patrice-onwuka,Virginia school district canceling Dr. Seuss celebration shows ‘misfocus’ of priorities: Patrice Onwuka,fox,Culture
https://video.foxbusiness.com/v/6236484267001/,School district cancels Dr. Seuss celebration over 'racial undertones',fox,Culture
https://business-leaders/amc-entertainment-ceo-getting-3-75m-bonus,"AMC Entertainment CEO getting $3.75M bonus,Paramount Plus enters the streaming wars ",fox,Culture
https://edition.cnn.com/interactive/2021/02/sport/tiger-woods-golf-career-moments-spt-intl-cmd/,"A Tiger’s trek
The life and times
of golf’s biggest star",nbc,Sports
https://edition.cnn.com/interactive/2020/09/sport/voyager-olympics-munich-spt-intl/,Super Bowl LVI Lands On Middle Sunday Of Winter Olympics,nbc,Sports
https://edition.cnn.com/2021/03/26/sport/ironman-world-championship-sam-holness-triathlon-spt-intl-cmd/index.html,Sam Holness hopes to use autism 'superpower' at Ironman World Championship,nbc,Sports
https://edition.cnn.com/2021/03/23/sport/ryo-miyake-olympics-fencing-tokyo-2020-cmd-spt-intl/index.html,Olympic silver medalist Ryo Miyake delivers food for Uber Eats to fund Tokyo 2020 dream,nbc,Sports
https://edition.cnn.com/2021/03/16/us/tiger-woods-home-after-wreck/index.html,Tiger Woods is recovering at home after car wreck,nbc,Sports
"https://edition.cnn.com/2021/03/13/golf/hole-in-one-golfers-mccarthy-todd-spt-intl/index.html,",Could get expensive' -- Two golfers score hole-in-ones in same round at Players Championship,nbc,Sports
https://edition.cnn.com/2021/03/24/football/cesare-prandelli-steps-down-as-fiorentina-manager-spt-intl/index.html,Could get expensive' -- Two golfers score hole-in-ones in same round at Players Championship,nbc,Sports
https://edition.cnn.com/2021/03/20/football/football-child-abuse-report-paul-stewart-cmd-spt-intl/index.html,"Soccer sex abuse scandal: Report is 'kick in the teeth' for survivors, says Paul Stewart",nbc,Sports
https://edition.cnn.com/2021/03/25/tennis/vasek-pospisil-miami-open-tennis-spt-intl/index.html,Vasek Pospisil 'sorry' for expletive-laden rant at ATP boss in Miami,nbc,Sports
https://edition.cnn.com/2021/03/17/tennis/damir-dzumhur-tennis-spt-intl/index.html,"Tennis player Damir Dzumhur faces disciplinary probe, fined for walking off court",nbc,Sports
https://edition.cnn.com/2021/03/16/tennis/zverev-federer-atp-ranking-spt-intl/index.html,ATP's revised ranking system makes no sense: Zverev,nbc,Sports
https://edition.cnn.com/2021/03/24/us/sedona-prince-leads-oregon-to-sweet-16-spt-trnd/index.html,"Sedona Prince, who used her voice to call out NCAA on poor amenities, has led Oregon to the Sweet 16",nbc,Sports
https://edition.cnn.com/2021/03/24/football/steve-kerr-gun-control-measures-spt-intl/index.html,Steve Kerr calls for tougher gun control measures following Boulder shooting,nbc,Sports
https://edition.cnn.com/2021/03/20/sport/lebron-james-ankle-injury/index.html,Lakers superstar LeBron James 'out indefinitely' with ankle injury,nbc,Sports
https://edition.cnn.com/2021/03/27/motorsport/ferrari-2021-bounce-back-formula-one-spt-intl/index.html,"After worst season in years, can Ferrari bounce back in 2021?",nbc,Sports
https://edition.cnn.com/2021/03/23/motorsport/ugo-ugochukwu-mclaren-motorsport-spt-intl/index.html,McLaren signs long-term deal with karting star Ugo Ugochukwu,nbc,Sports
https://edition.cnn.com/2021/03/18/sport/will-claye-triple-jump-olympics-spt-intl-cmd/index.html,Olympic triple jumper and rapper Will Claye on why his music career is more than a hobby,nbc,Sports
https://edition.cnn.com/2021/03/24/sport/japan-olympics-fukushima-torch-relay-covid-hnk-intl-dst/index.html,The Olympic flame starts its final leg to Tokyo. Some suggest this day should never have come,nbc,Sports
https://edition.cnn.com/2021/03/02/sport/horse-racing-welfare-footage-spt-intl/index.html,Horse racing faces new welfare scrutiny after more footage appears of a jockey posing on a dead horse,nbc,Sports
https://edition.cnn.com/2021/03/01/sport/gordon-elliott-horse-photo-scli-intl-spt/index.html,Top racing trainer Gordon Elliott apologizes over photo of himself sitting on a dead horse,nbc,Sports
https://edition.cnn.com/2020/11/03/sport/melbourne-cup-horse-racing-spt-intl/index.html,Twilight Payment wins Melbourne Cup in race marred by colt Anthony Van Dyck's fatal injury,nbc,Sports
https://edition.cnn.com/2021/02/02/sport/slovenia-chimney-climbing-europe-spt-intl/index.html,The most special thing I've done': Two world-class climbers scale the tallest chimney in Europe,nbc,Sports
https://edition.cnn.com/2020/01/24/sport/mikaela-shiffrin-world-cup-skiing-bansko-downhill-spt-intl/index.html,Mikaela Shiffrin wins 65th World Cup race to cement overall lead,nbc,Sports
https://edition.cnn.com/2019/12/07/sport/ester-ledecka-world-cup-downhill-lake-louise-spt-intl/index.html,Dual Olympic champion Ester Ledecka wins first World Cup skiing race,nbc,Sports
https://edition.cnn.com/2020/12/02/sport/rene-campbell-bodybuilding-cmd-spt-intl/index.html,Bodybuilder Rene Campbell wants to change the view of what women should look like,nbc,Sports
https://edition.cnn.com/2020/10/06/sport/priscilla-frederick-loomis-olympics-spt-intl/index.html,Olympic high jumper pressured to 'perform better' and lose a few pounds,nbc,Sports
https://edition.cnn.com/2020/06/10/sport/marilyn-okoro-body-image-cmd-spt-intl/index.html,Oh you must be heavy boned.' Marilyn Okoro's fight for body acceptance,nbc,Sports
https://edition.cnn.com/2021/03/08/sport/muhammad-ali-joe-frazier-the-fight-of-the-century-cmd-spt-intl/index.html,The Fight of the Century': A divided US nation 50 years on,nbc,Sports
https://edition.cnn.com/interactive/2020/04/sport/liverpoolpremierleaguetitle/,"30 years of dreaming
Liverpool's agonizing wait for English football’s biggest prize",nbc,Sports
https://www.cnn.com/interactive/2020/06/sport/newcastle-united-takeover-billionaire-investment-european-football/,"European football is no stranger to billionaire owners, and the latest deep-pocketed investor to show interest in acquiring a team stirred the English Premier League as it lay dormant during the coronavirus lockdown.",nbc,Sports
https://www.cnn.com/interactive/2020/01/sport/russian-climbers-peak-lenin-spt-intl/,"Forty five years ago, eight Soviet women climbers were pinned on top of a high mountain in the USSR in the worst storm in 25 years.",nbc,Sports
https://www.nbcnews.com/politics/meet-the-press/toomey-murphy-say-expanded-background-checks-gun-sales-could-pass-n1262273,"Toomey, Murphy say expanded background checks on gun sales could pass Senate,",nbc,Sports
https://www.nbcnews.com/politics/joe-biden/biden-economic-plan-focus-1st-infrastructure-week-n1262279,Biden economic plan to focus 1st on infrastructure this week,nbc,Politics
https://www.nbcnews.com/politics/meet-the-press/political-impact-post-covid-positivity-n1262269,The political impact of post-Covid optimism,nbc,Politics
https://www.nbcnews.com/politics/national-security,SolarWinds hack got emails of DHS head and other top officials,nbc,Politics
https://www.nbcnews.com/politics/politics-news/michigan-gop-chair-calls-top-democratic-women-witches-n1262243,Michigan GOP chair calls top Democratic women 'witches',nbc,Politics
https://www.nbcnews.com/pop-culture/pop-culture-news/nike-denies-involvement-lil-nas-x-satan-shoes-containing-human-n1262280,Nike denies involvement with Lil Nas X 'Satan Shoes' containing human blood,nbc,Culture
https://www.nbcnews.com/pop-culture/books/scholastic-pulls-popular-children-s-book-captain-underpants-author-n1262255,Scholastic pulls popular children's book from 'Captain Underpants' author,nbc,Culture
https://www.nbcnews.com/news/us-news/sharon-osbourne-leaves-talk-after-network-investigation-n1261457,Sharon Osbourne leaves TV's 'The Talk',nbc,Culture
https://www.msnbc.com/the-beat-with-ari/watch/georgia-authorities-under-fire-after-arresting-democratic-lawmaker-objecting-to-voting-law-109165125580,Georgia authorities under fire after arresting Democratic lawmaker objecting to voting law,nbc,Culture
https://www.nbcnews.com/news/obituaries/author-beverly-clearly-dies-104-n1262232,Author Beverly Cleary dies at 104,nbc,Culture
https://www.nbcnews.com/news/us-news/larry-mcmurtry-lonesome-dove-author-brokeback-mountain-writer-dies-84-n1262176,"Larry McMurtry, author of 'Lonesome Dove,' dies at 84",nbc,Culture
https://www.nbcnews.com/news/world/rare-van-gogh-masterpiece-street-scene-montmartre-sells-15-4-n1262131,Rare Van Gogh masterpiece sells for $15.4 million,nbc,Culture
https://www.nbcnews.com/pop-culture/pop-culture-news/britney-spears-attorneys-file-petition-requesting-father-jamie-spears-resign-n1262037, Britney Spears' attorney files petition requesting father Jamie Spears resign as conservator,nbc,Culture
https://www.nbcnews.com/news/us-news/chrissy-teigen-says-goodbye-twitter-deletes-her-account-n1262015,"Chrissy Teigen says 'goodbye' to Twitter, deletes her account",nbc,Culture
https://www.nbcnews.com/news/latino/flaco-jimnez-rcna503,Grammy winner Flaco Jimenez's album placed in National Recording Registry,nbc,Culture
https://www.nbcnews.com/news/us-news/houston-tumlin-child-actor-talladega-nights-dies-28-n1261980,"Houston Tumlin, child actor in 'Talladega Nights,' dies at 28",nbc,Culture
https://www.nbcnews.com/business/autos/delay-suez-canal-could-cripple-already-struggling-auto-industry-n1262191,Delay on Suez Canal could cripple already struggling auto industry,nbc,Business
https://www.nbcnews.com/tech/tech-news/doordash-pushes-back-against-fee-delivery-commissions-new-charges-n1262088,"Restaurants are 'up against a wall,' using DoorDash to survive. The commissions are brutal.",nbc,Business
https://www.nbcnews.com/nightly-news/video/what-s-behind-the-backup-in-new-furniture-and-appliance-orders-109199941667,What’s behind the backup in new furniture and appliance orders,nbc,Business
https://www.nbcnews.com/business/economy/suez-canal-blockage-delaying-estimated-400-million-hour-goods-n1262136,Suez Canal blockage is delaying an estimated $400 million an hour in goods,nbc,Business
https://www.nbcnews.com/news/world/nike-h-m-face-backlash-china-over-xinjiang-cotton-concerns-n1262019,Don't buy!' Top fashion brands face fallout and fury in China over Uyghur statements,nbc,Business
https://www.nbcnews.com/news/world/egypt-s-suez-canal-still-blocked-huge-ship-leaves-global-n1262038,Global trade jam worsens as huge ship could be stuck for weeks like 'beached whale',nbc,Business
https://www.nbcnews.com/business/economy/latest-weekly-jobless-claims-fall-684-000-lowest-pandemic-began-n1262034,"Latest weekly jobless claims fall to 684,000, lowest since pandemic began",nbc,Business
https://www.nbcnews.com/business/economy/massive-container-ship-blocking-suez-could-delay-shipments-raise-gas-n1261950,"Suez blockage could delay global shipments, raise gas prices",nbc,Business
https://www.nbcnews.com/news/world/egypt-s-suez-canal-blocked-stranded-container-ship-blown-sideways-n1261891,Huge container ship blown sideways in dust storm blocks Egypt's Suez Canal,nbc,Business
https://www.nbcnews.com/video/makeup-company-brings-inclusivity-to-the-cosmetics-world-100416581761,Makeup company brings inclusivity to the cosmetics world,nbc,Business
https://www.nbcnews.com/video/charities-innovate-to-meet-the-challenges-of-covid-19-96909381668,Charities innovate to meet the challenges of Covid-19,nbc,Business
https://www.nbcnews.com/business/business-news/intel-spending-20-billion-build-two-new-chip-plants-arizona-n1261919,Intel is spending $20 billion to build two new chip plants in Arizona,nbc,Business
https://www.nbcnews.com/business/business-news/implosion-david-dobrik-s-dispo-shows-dangers-influencer-branding-n1261871,Implosion of David Dobrik's Dispo shows dangers of influencer branding,nbc,Business
https://www.nbcnews.com/business/economy/powell-plays-down-inflation-again-while-yellen-sees-possible-return-n1261824,Powell plays down inflation — again — while Yellen sees possible return to full employment by 2022,nbc,Business
https://www.nbcnews.com/business/business-news/citigroup-ceo-jane-fraser-calls-zoom-free-fridays-pandemic-fatigue-n1261813,Citigroup CEO Jane Fraser calls for Zoom-Free Fridays as pandemic fatigue grows,nbc,Business
https://www.nbcnews.com/business/business-news/cineworld-reopen-regal-cinemas-next-month-time-godzilla-vs-kong-n1261807,"Cineworld to reopen Regal cinemas next month, in time for 'Godzilla vs. Kong'",nbc,Business
https://www.nbcnews.com/business/autos/chips-seating-foam-plastics-parts-shortages-continue-cripple-auto-industry-n1261773,"From chips to seating foam to plastics, parts shortages continue to cripple auto industry",nbc,Business
https://www.nbcnews.com/business/economy/stimulus-checks-hand-consumers-are-ready-buy-are-retailers-ready-n1261528,"Stimulus checks in hand, consumers are ready to shop. But can retailers handle a surge?",nbc,Business
https://www.nbcnews.com/business/real-estate/supply-homes-sale-fell-almost-30-percent-year-year-largest-n1261746,"Supply of homes for sale fell by almost 30 percent year on year, the largest amount on record",nbc,Business
https://www.nbcnews.com/business/business-news/leon-black-quits-apollo-months-earlier-expected-following-jeffrey-epstein-n1261722,Leon Black quits Apollo months earlier than expected following Jeffrey Epstein investment scandal,nbc,Business
https://www.nbcnews.com/business/business-news/covid-vaccine-jobs-create-mini-hiring-boom-n1261603,Health care hiring spree: Clinics are creating thousands of jobs amid vaccine rollout,nbc,Business
https://www.nbcnews.com/business/travel/shocked-afraid-blessed-cruise-line-workers-remained-board-months-keep-n1261365,People got crazy': Stranded cruise line workers describe desperate conditions onboard,nbc,Business
https://www.nbcnews.com/news/us-news/texas-roadhouse-ceo-kent-taylor-dies-amid-covid-struggle-n1261705,Texas ' Roadhouse CEO Kent Taylor dies amid Covid struggle,nbc,Business
https://www.nbcnews.com/news/world/carlos-ghosn-japan-charges-two-americans-helping-ex-nissan-ceo-n1261703,Two Americans charged with helping ex-Nissan CEO flee Japan,nbc,Business
https://www.nbcnews.com/business/business-news/businesses-austin-texas-feel-pain-sxsw-going-virtual-n1261624,"Businesses in Austin, Texas, feel the pain of SXSW going virtual",nbc,Business
https://www.nbcnews.com/business/travel/if-you-received-travel-credit-or-voucher-canceled-trip-last-n1261558,Do you know where your pandemic flight credits are?,nbc,Business
https://www.nbcnews.com/business/travel/vaxications-catch-trips-pent-demand-fuel-travel-surge-n1261573,"Vaxications,' catch-up trips and pent-up demand fuel travel surge",nbc,Business
https://www.nbcnews.com/business/economy/fed-will-not-extend-pandemic-crisis-rule-had-allowed-banks-n1261538,The Fed will not extend a pandemic-crisis rule that had allowed banks to relax capital levels,nbc,Business
https://www.nbcnews.com/business/autos/gm-backed-lordstown-motors-downplays-accusations-it-faked-preorders-n1261341,GM-backed Lordstown Motors downplays accusations it faked preorders,nbc,Business
https://www.nbcnews.com/business/travel/next-frontier-air-travel-digital-passports-proof-vaccination-n1261338,Airlines test new digital passports as proof of vaccination or Covid test results,nbc,Business
https://www.nbcnews.com/business/business-news/irs-pushes-tax-filing-deadline-one-month-may-15-n1261326,IRS to push tax filing deadline to May 17,nbc,Business
https://www.nbcnews.com/business/business-news/disneyland-reopen-april-30-disney-ceo-bob-chapek-says-n1261305,"Disneyland to reopen on April 30, Disney CEO Bob Chapek says",nbc,Business
https://www.nbcnews.com/business/business-news/passengers-ready-reclaim-lost-period-says-delta-air-lines-ceo-n1261259,"Passengers 'ready to reclaim that lost period,' says Delta Air Lines CEO",nbc,Business
https://www.nbcnews.com/business/travel/flight-attendants-have-faced-rough-year-health-risks-layoffs-anti-n1261243,"For flight attendants, a year of risk, layoffs and anti-maskers",nbc,Business
https://www.nbcnews.com/business/markets/black-monday-year-after-historic-market-rout-wall-street-reflects-n1261201,"Black Monday: A year after historic market rout, Wall Street reflects on what it got right — and wrong",nbc,Business
https://www.nbcnews.com/business/travel/can-airports-meet-challenge-surge-summer-travelers-n1261124,Can airports meet the challenge of a surge in summer travelers?,nbc,Business
https://www.nbcnews.com/business/business-news/elon-musk-has-officially-been-made-technoking-tesla-n1261078,Elon Musk has officially been made the 'Technoking of Tesla',nbc,Business
https://www.nbcnews.com/tech/tech-news/tenant-screening-software-faces-national-reckoning-n1260975, Tenants and lawmakers say it's time for crackdown on tenant screenings,nbc,Business
https://www.nbcnews.com/news/us-news/u-s-airport-passengers-hit-highest-level-march-2020-n1261031,U.S. airport passengers hit highest level since March 2020,nbc,Business
https://www.nbcnews.com/news/latino/meatpacking-workers-feel-ignored-alone-vaccine-prioritization-rcna403,"They don't care about us': Meatpacking workers feel ignored, alone in vaccine prioritization",nbc,Business
https://www.nbcnews.com/business/consumer/blind-americans-face-roadblocks-booking-online-vaccine-appointments-n1260954,Blind Americans face roadblocks booking online vaccine appointments,nbc,Business
https://www.nbcnews.com/business/business-news/one-year-later-many-dry-cleaners-are-still-hanging-thread-n1259642,"One year later, many dry cleaners are still hanging on by a thread",nbc,Business
https://www.nbcnews.com/tech/tech-news/buyer-69-million-beeple-nft-crypto-investor-using-pseudonym-metakovan-rcna409,Buyer of $69 million Beeple NFT is a crypto investor using the pseudonym Metakovan,nbc,Business
https://www.nbcnews.com/business/autos/auto-industry-pandemic-changed-everything-n1260926,"For the auto industry, the pandemic changed everything",nbc,Business
https://www.nbcnews.com/business/business-news/farmers-charge-keeping-america-fed-say-past-year-has-been-n1260816,Farmers in charge of keeping America fed say the past year has been 'feast or famine',nbc,Business
https://www.nbcnews.com/business/business-news/housing-market-stands-tipping-point-after-stunningly-successful-year-during-n1260860,Housing market is at a tipping point after a stunningly successful year,nbc,Business
https://www.nbcnews.com/business/business-news/relief-bill-will-provide-crucial-funds-struggling-live-entertainment-venues-n1260722,Relief bill will aid struggling live entertainment venues,nbc,Business
https://www.nbcnews.com/business/consumer/stimulus-checks-could-hit-some-bank-accounts-soon-weekend-white-n1260725,"Stimulus checks could hit some bank accounts as soon as this weekend, White House says",nbc,Business
https://www.nbcnews.com/business/economy/stimulus-bill-contains-billions-shore-daycare-centers-parents-child-care-n1260697,Biden's newly signed rescue plan will help get parents back to work — by supporting child care,nbc,Business
https://www.reuters.com/article/us-soccer-olympics-concacaf-hdn-usa-krei/soccer-us-mens-team-devastated-at-failing-to-qualify-for-olympics-coach-idUSKBN2BL0T2,Soccer: US men's team 'devastated' at failing to qualify for Olympics: coach,Reuters,Sports
https://www.reuters.com/article/us-icehockey-nhl-roundup/nhl-roundup-capitals-start-quick-hold-off-rangers-idUSKBN2BL0DD,"NHL roundup: Capitals start quick, hold off Rangers",Reuters,Sports
https://www.reuters.com/article/us-soccer-worldcup-srb-por/serbia-portugal-could-have-avoided-ronaldo-fury-says-uefa-idUSKBN2BL17Y,"Serbia, Portugal could have avoided Ronaldo fury, says UEFA",Reuters,Sports
https://www.reuters.com/article/us-cycling-france/bouhanni-faces-disciplinary-action-after-clash-with-stewart-in-france-uci-idUSKBN2BL18J,Bouhanni faces disciplinary action after clash with Stewart in France: UCI,Reuters,Sports
https://www.reuters.com/article/us-motor-f1-bahrain-masi/f1-race-director-denies-inconsistency-on-track-limit-rules-idUSKBN2BL1VF,F1 race director denies inconsistency on track limit rules,Reuters,Sports
https://www.reuters.com/article/us-motor-f1-bahrain/motor-racing-sandwich-wrapper-wrecked-alonsos-comeback-race-idUSKBN2BL17J,Motor racing: Sandwich wrapper wrecked Alonso's comeback race,Reuters,Sports
https://www.reuters.com/article/us-golf-women/olympic-hopes-driving-me-on-says-park-after-kia-win-idUSKBN2BL0XV,"Olympic hopes driving me on, says Park after Kia win",Reuters,Sports
https://www.reuters.com/article/us-baseball-mlb-roundup/spring-training-roundup-rays-blast-braves-behind-12-run-eighth-idUSKBN2BL023,Spring training roundup: Rays blast Braves behind 12-run eighth,Reuters,Sports
https://www.reuters.com/article/us-olympics-2020-test-events/overseas-athletes-may-be-able-to-take-part-in-olympic-test-events-organisers-say-idUSKBN2BL0RV,"Overseas athletes may be able to take part in Olympic test events, organisers say",Reuters,Sports
https://www.reuters.com/article/us-basketball-nba-roundup/nba-roundup-devin-booker-leads-suns-to-ot-win-over-hornets-idUSKBN2BL0WT,NBA roundup: Devin Booker leads Suns to OT win over Hornets,Reuters,Sports
https://www.reuters.com/article/basketball-nba-den-atl/jamychal-green-leads-nuggets-past-hawks-idUSMTZXEH3TPOCSLE,JaMychal Green leads Nuggets past Hawks,Reuters,Sports
https://www.reuters.com/article/basketball-nba-tor-por/trail-blazers-defeat-raptors-for-3rd-straight-road-win-idUSMTZXEH3TPL6HE0,Trail Blazers defeat Raptors for 3rd straight road win,Reuters,Sports
https://www.reuters.com/article/us-baseball-mlb-pit-frazier/todd-frazier-opts-out-of-pirates-deal-idUSKBN2BK0OB,Todd Frazier opts out of Pirates deal,Reuters,Sports
https://www.reuters.com/article/us-baseball-mlb-chc-sogard-duffy/cubs-select-contracts-of-veteran-ifs-eric-sogard-matt-duffy-idUSKBN2BK0O8,"Cubs select contracts of veteran IFs Eric Sogard, Matt Duffy",Reuters,Sports
https://www.reuters.com/article/us-tennis-miami-barty/barty-ready-to-spend-rest-of-2021-season-away-from-home-idUSKBN2BJ0NJ,Barty ready to spend rest of 2021 season away from home,Reuters,Sports
https://www.reuters.com/article/icehockey-nhl-stl-ana/ducks-rally-from-2-0-deficit-beat-blues-in-ot-idUSMTZXEH3TPER4YZ,"Ducks rally from 2-0 deficit, beat Blues in OT",Reuters,Sports
https://www.reuters.com/article/icehockey-nhl-dal-fla/jonathan-huberdeaus-two-goals-lead-panthers-past-stars-idUSMTZXEH3TPI7U81,Jonathan Huberdeau's two goals lead Panthers past Stars,Reuters,Sports
https://www.reuters.com/article/us-golf-pga-wgc-match-play-recap/rory-mcilroy-sends-tee-shot-into-pool-loses-at-wgc-match-play-idUSKBN2BH050,"Rory McIlroy sends tee shot into pool, loses at WGC Match Play",Reuters,Sports
https://www.reuters.com/article/us-golf-matchplay-rahm/expectant-father-rahm-prepared-to-leave-masters-for-sons-birth-idUSKBN2BF2AT,Expectant father Rahm prepared to leave Masters for son's birth,Reuters,Sports
https://www.reuters.com/article/us-esports-callofduty-lon-zed/london-royal-ravens-sign-zed-to-replace-alexx-idUSKCN2AV2KG,London Royal Ravens sign Zed to replace Alexx,Reuters,Sports
https://www.reuters.com/article/us-esports-business-north/north-esports-dissolving-due-to-covid-19-financial-impact-idUSKBN2A528T,North Esports dissolving due to COVID-19 financial impact,Reuters,Sports
https://www.reuters.com/article/us-soccer-worldcup-cym-can/soccer-canada-v-cayman-islands-world-cup-qualifier-postponed-over-covid-19-tests-idUSKBN2BK0NM,Soccer: Canada v Cayman Islands World Cup qualifier postponed over COVID-19 tests,Reuters,Sports
https://www.reuters.com/article/us-soccer-concacaf-olympics/soccer-match-official-tests-covid-19-positive-at-concacaf-olympic-qualifier-idUSKBN2BK0K8,Soccer: Match official tests COVID-19 positive at CONCACAF Olympic qualifier,Reuters,Sports
https://www.reuters.com/article/us-motor-nascar-instacart-500-recap/martin-truex-jr-finally-prevails-at-phoenix-raceway-idUSKBN2B702V,Martin Truex Jr. finally prevails at Phoenix Raceway,Reuters,Sports
https://www.reuters.com/article/us-motor-f1-bahrain-exclusive/exclusive-max-title-would-be-red-bulls-best-yet-says-horner-idUSKBN2BH24X,"Exclusive: Max title would be Red Bull's best yet, says Horner",Reuters,Sports
https://www.reuters.com//article/us-motor-f1-dumfries/dumfries-marquess-and-former-f1-team-mate-of-senna-dead-at-62-idUSKBN2BF001,"Dumfries, marquess and former F1 team mate of Senna, dead at 62",Reuters,Sports
https://www.reuters.com/article/us-football-nfl-min-woods/reports-vikings-sign-s-xavier-woods-to-one-year-deal-idUSKBN2BK000,Reports: Vikings sign S Xavier Woods to one-year deal,Reuters,Sports
https://www.reuters.com/article/us-football-nfl-sf-sanu-49ers/49ers-sign-wr-mohamed-sanu-idUSKBN2BJ0NZ,49ers sign WR Mohamed Sanu,Reuters,Sports
https://www.reuters.com/article/us-cricket-india-stadium-modi/india-renames-worlds-largest-cricket-stadium-after-pm-modi-idUSKBN2AO1GT,India renames world's largest cricket stadium after PM Modi,Reuters,Sports
https://www.reuters.com/article/us-cricket-usa-league/ipls-knight-riders-buy-stake-in-u-s-based-major-league-cricket-idUSKBN28B5FM,IPL's Knight Riders buy stake in U.S.-based Major League Cricket,Reuters,Sports
https://www.reuters.com/article/us-sailing-americas-cup/sailing-nz-accepts-british-americas-cup-challenge-nationality-rule-added-idUSKBN2BB08Q,"Sailing: NZ accepts British America's Cup challenge, nationality rule added",Reuters,Sports
https://www.reuters.com/article/us-sailing-americas-cup/sailing-team-new-zealand-savour-americas-cup-triumph-in-home-waters-idUSKBN2B90GK,Sailing: Team New Zealand savour America's Cup triumph in home waters,Reuters,Sports
https://www.reuters.com/article/us-sport-yearender-rugby/rugby-concussion-case-casts-dark-cloud-over-the-sport-idUSKBN28S07V,Rugby-Concussion case casts dark cloud over the sport,Reuters,Sports
https://www.reuters.com/article/us-rugby-union-championship-aus-arg/student-sings-australian-national-anthem-in-indigenous-language-before-rugby-match-idUSKBN28F0HO,Student sings Australian national anthem in indigenous language before rugby match,Reuters,Sports
https://www.reuters.com/article/us-athletics-britain-marathon/veteran-thompson-wins-uk-marathon-trials-in-kew-gardens-idUSKBN2BI1GZ,Athletics-Veteran Thompson wins UK marathon trials in Kew Gardens,Reuters,Sports
https://www.reuters.com/article/us-usa-markets-blocktrades/nomura-credit-suisse-warn-of-big-losses-after-archegos-share-dump-idUSKBN2BK0OR," Nomura, Credit Suisse warn of big losses after Archegos share dump",Reuters,Business
https://www.reuters.com/article/us-usa-stocks/sp-500-nasdaq-open-lower-on-hedge-fund-default-concerns-idUSKBN2BL1AK,"S&P 500, Nasdaq open lower on hedge fund default concerns
",Reuters,Business
https://www.reuters.com/article/us-grindr-m-a-cfius-exclusive/exclusive-grindrs-u-s-security-review-disclosures-contradicted-statements-made-to-others-idUSKBN2BL153,Exclusive: Grindr's U.S. security review disclosures contradicted statements made to others,Reuters,Business
https://www.reuters.com/article/us-softbank-group-coupang/softbanks-son-eyes-bringing-coupang-services-to-japan-idUSKBN2BL1VA,SoftBank's Son eyes bringing Coupang services to Japan,Reuters,Business
https://www.reuters.com/article/us-egypt-suezcanal-ship-refloat/traffic-in-suez-canal-resumes-after-stranded-ship-refloated-idUSKBN2BL1VK,Traffic in Suez Canal resumes after stranded ship refloated,Reuters,Business
https://www.reuters.com/article/us-wework-m-a-bowx-acquisition-neumann/exclusive-adam-neumanns-final-wework-act-helping-softbanks-spac-deal-idUSKBN2BL1EF,Exclusive: Adam Neumann's final WeWork act - helping SoftBank's SPAC deal,Reuters,Business
https://www.reuters.com/article/us-johnson-johnson-ceo-compensation-excl/exclusive-jj-ceo-pay-irks-investors-upset-with-opioid-lawsuits-fallout-idUSKBN2BL16O,"Exclusive: J&J CEO pay irks investors upset with opioid lawsuits fallout,",Reuters,Business
https://www.reuters.com/article/us-southwest-boeing-orders/southwest-airlines-adds-100-orders-for-boeing-737-max-jet-idUSKBN2BL1GZ,Southwest Airlines adds 100 orders for Boeing 737 MAX jet,Reuters,Business
https://www.reuters.com/article/us-3m-earplugs-trial/we-trusted-that-our-equipment-would-work-says-army-vet-as-u-s-trial-over-3m-earplugs-begins-idUSKBN2BL157,"We trusted that our equipment would work,' says Army vet, as U.S. trial over 3M earplugs begins",Reuters,Business
https://www.reuters.com/article/us-crypto-currency-visa-exclusive/exclusive-visa-moves-to-allow-payment-settlements-using-cryptocurrency-idUSKBN2BL0X9,Exclusive: Visa moves to allow payment settlements using cryptocurrency,Reuters,Business
https://www.reuters.com/article/us-new-york-cuomo/aides-to-new-york-governor-cuomo-subpoenaed-in-sexual-harassment-probe-wsj-idUSKBN2BJ043,Aides to New York Governor Cuomo subpoenaed in sexual harassment probe: WSJ,Reuters,Politics
https://www.reuters.com/article/us-usa-biden-guns/biden-looks-into-taking-action-on-3d-printer-guns-imported-firearms-idUSKBN2BI384,"Biden looks into taking action on 3D printer guns, imported firearms",Reuters,Politics
https://www.reuters.com/article/us-usa-georgia-voting/biden-attacks-georgias-new-voting-limits-as-an-atrocity-civil-rights-groups-sue-state-idUSKBN2BI2BP,"Biden attacks Georgia's new voting limits as 'an atrocity,' civil rights groups sue state",Reuters,Politics
https://www.reuters.com/article/us-usa-congress-security/pelosi-picks-first-black-american-to-lead-u-s-house-security-idUSKBN2BI2Y7,"Pelosi picks first Black American to lead U.S. House security,",Reuters,Politics
https://www.reuters.com/article/us-usa-election-media-insight/conservative-news-outlets-accused-of-election-falsehoods-air-disclaimers-idUSKBN2BI1II,"Conservative news outlets, accused of election falsehoods, air disclaimers,",Reuters,Politics
https://www.reuters.com/article/us-usa-biden/biden-compares-xi-to-putin-republican-voting-restriction-plans-to-segregation-era-laws-idUSKBN2BH1AY,"Biden compares Xi to Putin, Republican voting restriction plans to segregation-era laws",Reuters,Politics
https://www.reuters.com/article/us-usa-georgia-voting/georgia-bans-giving-water-to-voters-in-line-under-sweeping-restrictions-idUSKBN2BH2TC,Georgia bans giving water to voters in line under sweeping restrictions,Reuters,Politics
https://www.reuters.com/article/us-usa-senate-proxy/u-s-senate-democrats-aim-to-undo-trump-era-shareholder-voting-rights-rule-idUSKBN2BI2BS,U.S. Senate Democrats aim to undo Trump-era shareholder voting rights rule,Reuters,Politics
https://www.reuters.com/article/us-tech-usa-amazon/amazons-social-media-team-bares-its-teeth-in-washington-idUSKBN2BI36K,Amazon's social media team bares its teeth in Washington,Reuters,Politics
https://www.reuters.com/article/us-usa-georgia-voting-whitehouse/white-house-says-biden-is-concerned-about-new-georgia-election-law-idUSKBN2BI2SE,White House says Biden is concerned about new Georgia election law,Reuters,Politics
https://www.reuters.com/article/us-usa-markets-blocktrades/nomura-credit-suisse-warn-of-big-losses-after-archegos-share-dump-idUSKBN2BK0OR,"Nomura, Credit Suisse warn of big losses after Archegos share dump",Reuters,Politics
https://www.reuters.com/article/us-usa-stocks/sp-500-nasdaq-open-lower-on-hedge-fund-default-concerns-idUSKBN2BL1AK,"S&P 500, Nasdaq open lower on hedge fund default concerns",Reuters,Politics
https://www.reuters.com/article/us-egypt-suezcanal-ship/hopes-of-reopening-suez-canal-boosted-by-partial-refloating-of-jammed-ship-idUSKBN2BL0A3,Hopes of reopening Suez Canal boosted by partial refloating of jammed ship,Reuters,Politics
https://www.reuters.com/article/us-crypto-currency/bitcoin-jumps-to-one-week-high-above-58000-idUSKBN2BL1P8," Bitcoin jumps to one-week high above $58,000",Reuters,Politics
https://www.reuters.com/article/us-wework-m-a-bowx-acquisition-neumann/exclusive-adam-neumanns-final-wework-act-helping-softbanks-spac-deal-idUSKBN2BL1EF,Exclusive: Adam Neumann's final WeWork act - helping SoftBank's SPAC deal,Reuters,Politics
https://www.reuters.com/article/us-3m-earplugs-trial/we-trusted-that-our-equipment-would-work-says-army-vet-as-u-s-trial-over-3m-earplugs-begins-idUSKBN2BL157,"We trusted that our equipment would work,' says Army vet, as U.S. trial over 3M earplugs begins",Reuters,Politics
https://www.reuters.com/article/us-belgium-art-vaneyck/belgium-unveils-new-showcase-for-ill-treated-ghent-masterpiece-idUSKBN2BI21C,Belgium unveils new showcase for ill-treated Ghent masterpiece,Reuters,Culture
https://www.reuters.com/article/us-health-coronavirus-hungary-wellis/spas-closed-no-problem-hungarian-hot-tub-makers-got-you-covered-idUSKBN2BL1OH,Spas closed? No problem. Hungarian hot tub maker's got you covered,Reuters,Culture
https://www.reuters.com/article/us-health-coronavirus-britain-royals/british-royal-kate-launches-book-of-portraits-to-remember-pandemic-idUSKBN2BK008,British royal Kate launches book of portraits to remember pandemic,Reuters,Culture
https://www.reuters.com/article/us-health-coronavirus-argentina-art/pain-into-beauty-argentine-sculptor-turns-pandemic-waste-into-art-idUSKBN2BI1J1,Pain into beauty': Argentine sculptor turns pandemic waste into art,Reuters,Culture
https://www.reuters.com/article/us-health-coronavirus-france-cheese/frances-lockdown-vice-cheese-idUSKBN2BI29X,France's lockdown vice? Cheese,Reuters,Culture
https://www.reuters.com/article/us-health-coronavirus-hungary-doctor/through-war-and-pandemics-hungarys-oldest-gp-still-finds-joy-in-healing-at-97-idUSKBN2BI1SE,"Through war and pandemics, Hungary's oldest GP still finds joy in healing at 97,",Reuters,Culture
https://www.reuters.com/article/us-senegal-artist-omar-ba/senegalese-artist-omar-ba-tackles-politics-and-the-pandemic-with-paint-idUSKBN2BH1AN,Senegalese artist Omar Ba tackles politics and the pandemic with paint,Reuters,Culture
https://www.reuters.com/article/us-usa-biden-dog/bidens-rescue-pet-returns-to-white-house-after-more-training-for-life-as-a-first-dog-idUSKBN2BG2XH,Biden's rescue pet returns to White House after more training for life as a first dog,Reuters,Culture
https://www.reuters.com/article/us-science-maya/maya-ruins-in-belize-offer-peek-at-ancient-wealth-inequality-idUSKBN2BG2V8,Maya ruins in Belize offer peek at ancient wealth inequality,Reuters,Culture
https://www.reuters.com/article/us-health-coronavirus-hungary-zoo/reeling-from-pandemic-hungarian-zookeeper-puts-price-tag-on-his-lifes-work-idUSKBN2BG1K2,"Reeling from pandemic, Hungarian zookeeper puts price tag on his life's work",Reuters,Culture